USE media_organizer;

insert into media (media_id) values (1);
insert into media (media_id) values (2);
insert into media (media_id) values (3);
insert into media (media_id) values (4);
insert into media (media_id) values (5);
insert into media (media_id) values (6);
insert into media (media_id) values (7);
insert into media (media_id) values (8);
insert into media (media_id) values (9);
insert into media (media_id) values (10);
insert into media (media_id) values (11);
insert into media (media_id) values (12);
insert into media (media_id) values (13);
insert into media (media_id) values (14);
insert into media (media_id) values (15);
insert into media (media_id) values (16);
insert into media (media_id) values (17);
insert into media (media_id) values (18);
insert into media (media_id) values (19);
insert into media (media_id) values (20);
insert into media (media_id) values (21);
insert into media (media_id) values (22);
insert into media (media_id) values (23);
insert into media (media_id) values (24);
insert into media (media_id) values (25);
insert into media (media_id) values (26);
insert into media (media_id) values (27);
insert into media (media_id) values (28);
insert into media (media_id) values (29);
insert into media (media_id) values (30);
insert into media (media_id) values (31);
insert into media (media_id) values (32);
insert into media (media_id) values (33);
insert into media (media_id) values (34);
insert into media (media_id) values (35);
insert into media (media_id) values (36);
insert into media (media_id) values (37);
insert into media (media_id) values (38);
insert into media (media_id) values (39);
insert into media (media_id) values (40);
insert into media (media_id) values (41);
insert into media (media_id) values (42);
insert into media (media_id) values (43);
insert into media (media_id) values (44);
insert into media (media_id) values (45);
insert into media (media_id) values (46);
insert into media (media_id) values (47);
insert into media (media_id) values (48);
insert into media (media_id) values (49);
insert into media (media_id) values (50);
insert into media (media_id) values (51);
insert into media (media_id) values (52);
insert into media (media_id) values (53);
insert into media (media_id) values (54);
insert into media (media_id) values (55);
insert into media (media_id) values (56);
insert into media (media_id) values (57);
insert into media (media_id) values (58);
insert into media (media_id) values (59);
insert into media (media_id) values (60);
insert into media (media_id) values (61);
insert into media (media_id) values (62);
insert into media (media_id) values (63);
insert into media (media_id) values (64);
insert into media (media_id) values (65);
insert into media (media_id) values (66);
insert into media (media_id) values (67);
insert into media (media_id) values (68);
insert into media (media_id) values (69);
insert into media (media_id) values (70);
insert into media (media_id) values (71);
insert into media (media_id) values (72);
insert into media (media_id) values (73);
insert into media (media_id) values (74);
insert into media (media_id) values (75);
insert into media (media_id) values (76);
insert into media (media_id) values (77);
insert into media (media_id) values (78);
insert into media (media_id) values (79);
insert into media (media_id) values (80);
insert into media (media_id) values (81);
insert into media (media_id) values (82);
insert into media (media_id) values (83);
insert into media (media_id) values (84);
insert into media (media_id) values (85);
insert into media (media_id) values (86);
insert into media (media_id) values (87);
insert into media (media_id) values (88);
insert into media (media_id) values (89);
insert into media (media_id) values (90);
insert into media (media_id) values (91);
insert into media (media_id) values (92);
insert into media (media_id) values (93);
insert into media (media_id) values (94);
insert into media (media_id) values (95);
insert into media (media_id) values (96);
insert into media (media_id) values (97);
insert into media (media_id) values (98);
insert into media (media_id) values (99);
insert into media (media_id) values (100);
insert into media (media_id) values (101);
insert into media (media_id) values (102);
insert into media (media_id) values (103);
insert into media (media_id) values (104);
insert into media (media_id) values (105);
insert into media (media_id) values (106);
insert into media (media_id) values (107);
insert into media (media_id) values (108);
insert into media (media_id) values (109);
insert into media (media_id) values (110);
insert into media (media_id) values (111);
insert into media (media_id) values (112);
insert into media (media_id) values (113);
insert into media (media_id) values (114);
insert into media (media_id) values (115);
insert into media (media_id) values (116);
insert into media (media_id) values (117);
insert into media (media_id) values (118);
insert into media (media_id) values (119);
insert into media (media_id) values (120);
insert into media (media_id) values (121);
insert into media (media_id) values (122);
insert into media (media_id) values (123);
insert into media (media_id) values (124);
insert into media (media_id) values (125);
insert into media (media_id) values (126);
insert into media (media_id) values (127);
insert into media (media_id) values (128);
insert into media (media_id) values (129);
insert into media (media_id) values (130);
insert into media (media_id) values (131);
insert into media (media_id) values (132);
insert into media (media_id) values (133);
insert into media (media_id) values (134);
insert into media (media_id) values (135);
insert into media (media_id) values (136);
insert into media (media_id) values (137);
insert into media (media_id) values (138);
insert into media (media_id) values (139);
insert into media (media_id) values (140);
insert into media (media_id) values (141);
insert into media (media_id) values (142);
insert into media (media_id) values (143);
insert into media (media_id) values (144);
insert into media (media_id) values (145);
insert into media (media_id) values (146);
insert into media (media_id) values (147);
insert into media (media_id) values (148);
insert into media (media_id) values (149);
insert into media (media_id) values (150);
insert into media (media_id) values (151);
insert into media (media_id) values (152);
insert into media (media_id) values (153);
insert into media (media_id) values (154);
insert into media (media_id) values (155);
insert into media (media_id) values (156);
insert into media (media_id) values (157);
insert into media (media_id) values (158);
insert into media (media_id) values (159);
insert into media (media_id) values (160);
insert into media (media_id) values (161);
insert into media (media_id) values (162);
insert into media (media_id) values (163);
insert into media (media_id) values (164);
insert into media (media_id) values (165);
insert into media (media_id) values (166);
insert into media (media_id) values (167);
insert into media (media_id) values (168);
insert into media (media_id) values (169);
insert into media (media_id) values (170);
insert into media (media_id) values (171);
insert into media (media_id) values (172);
insert into media (media_id) values (173);
insert into media (media_id) values (174);
insert into media (media_id) values (175);
insert into media (media_id) values (176);
insert into media (media_id) values (177);
insert into media (media_id) values (178);
insert into media (media_id) values (179);
insert into media (media_id) values (180);
insert into media (media_id) values (181);
insert into media (media_id) values (182);
insert into media (media_id) values (183);
insert into media (media_id) values (184);
insert into media (media_id) values (185);
insert into media (media_id) values (186);
insert into media (media_id) values (187);
insert into media (media_id) values (188);
insert into media (media_id) values (189);
insert into media (media_id) values (190);
insert into media (media_id) values (191);
insert into media (media_id) values (192);
insert into media (media_id) values (193);
insert into media (media_id) values (194);
insert into media (media_id) values (195);
insert into media (media_id) values (196);
insert into media (media_id) values (197);
insert into media (media_id) values (198);
insert into media (media_id) values (199);
insert into media (media_id) values (200);
insert into media (media_id) values (201);
insert into media (media_id) values (202);
insert into media (media_id) values (203);
insert into media (media_id) values (204);
insert into media (media_id) values (205);
insert into media (media_id) values (206);
insert into media (media_id) values (207);
insert into media (media_id) values (208);
insert into media (media_id) values (209);
insert into media (media_id) values (210);
insert into media (media_id) values (211);
insert into media (media_id) values (212);
insert into media (media_id) values (213);
insert into media (media_id) values (214);
insert into media (media_id) values (215);
insert into media (media_id) values (216);
insert into media (media_id) values (217);
insert into media (media_id) values (218);
insert into media (media_id) values (219);
insert into media (media_id) values (220);
insert into media (media_id) values (221);
insert into media (media_id) values (222);
insert into media (media_id) values (223);
insert into media (media_id) values (224);
insert into media (media_id) values (225);
insert into media (media_id) values (226);
insert into media (media_id) values (227);
insert into media (media_id) values (228);
insert into media (media_id) values (229);
insert into media (media_id) values (230);
insert into media (media_id) values (231);
insert into media (media_id) values (232);
insert into media (media_id) values (233);
insert into media (media_id) values (234);
insert into media (media_id) values (235);
insert into media (media_id) values (236);
insert into media (media_id) values (237);
insert into media (media_id) values (238);
insert into media (media_id) values (239);
insert into media (media_id) values (240);
insert into media (media_id) values (241);
insert into media (media_id) values (242);
insert into media (media_id) values (243);
insert into media (media_id) values (244);
insert into media (media_id) values (245);
insert into media (media_id) values (246);
insert into media (media_id) values (247);
insert into media (media_id) values (248);
insert into media (media_id) values (249);
insert into media (media_id) values (250);
insert into media (media_id) values (251);
insert into media (media_id) values (252);
insert into media (media_id) values (253);
insert into media (media_id) values (254);
insert into media (media_id) values (255);
insert into media (media_id) values (256);
insert into media (media_id) values (257);
insert into media (media_id) values (258);
insert into media (media_id) values (259);
insert into media (media_id) values (260);
insert into media (media_id) values (261);
insert into media (media_id) values (262);
insert into media (media_id) values (263);
insert into media (media_id) values (264);
insert into media (media_id) values (265);
insert into media (media_id) values (266);
insert into media (media_id) values (267);
insert into media (media_id) values (268);
insert into media (media_id) values (269);
insert into media (media_id) values (270);
insert into media (media_id) values (271);
insert into media (media_id) values (272);
insert into media (media_id) values (273);
insert into media (media_id) values (274);
insert into media (media_id) values (275);
insert into media (media_id) values (276);
insert into media (media_id) values (277);
insert into media (media_id) values (278);
insert into media (media_id) values (279);
insert into media (media_id) values (280);
insert into media (media_id) values (281);
insert into media (media_id) values (282);
insert into media (media_id) values (283);
insert into media (media_id) values (284);
insert into media (media_id) values (285);
insert into media (media_id) values (286);
insert into media (media_id) values (287);
insert into media (media_id) values (288);
insert into media (media_id) values (289);
insert into media (media_id) values (290);
insert into media (media_id) values (291);
insert into media (media_id) values (292);
insert into media (media_id) values (293);
insert into media (media_id) values (294);
insert into media (media_id) values (295);
insert into media (media_id) values (296);
insert into media (media_id) values (297);
insert into media (media_id) values (298);
insert into media (media_id) values (299);
insert into media (media_id) values (300);


insert into media_images (id, image_type, image_link, photographer, title, description, resolution, date_taken, file_format) values (1, 'digital art', 'http://dummyimage.com/201x100.png/5fa2dd/ffffff', 'Bord Antoniat', 'Majestic waterfall in the forest', 'Robust demand-driven strategy', '2560x1440', '2015-07-16', '');
insert into media_images (id, image_type, image_link, photographer, title, description, resolution, date_taken, file_format) values (2, 'abstract', 'http://dummyimage.com/236x100.png/5fa2dd/ffffff', 'Marsha Rolinson', 'Vintage car on a country road', 'Managed fresh-thinking frame', '2560x1440', '2000-11-18', 'webp');
insert into media_images (id, image_type, image_link, photographer, title, description, resolution, date_taken, file_format) values (3, 'collage', 'http://dummyimage.com/239x100.png/5fa2dd/ffffff', 'Gretchen Belli', 'Desert oasis with camels', 'Advanced non-volatile utilisation', '2560x1440', '2022-01-10', '');
insert into media_images (id, image_type, image_link, photographer, title, description, resolution, date_taken, file_format) values (4, 'surreal', 'http://dummyimage.com/225x100.png/5fa2dd/ffffff', 'Latashia Francillo', 'Cosmic galaxy in space', 'Business-focused system-worthy model', '3840x2160', '2015-03-27', 'bmp');
insert into media_images (id, image_type, image_link, photographer, title, description, resolution, date_taken, file_format) values (5, 'landscape', 'http://dummyimage.com/200x100.png/dddddd/000000', 'Sibella Capel', 'Autumn leaves on the ground', 'Cross-group logistical algorithm', '1024x768', '2004-10-07', 'tiff');
insert into media_images (id, image_type, image_link, photographer, title, description, resolution, date_taken, file_format) values (6, 'abstract', 'http://dummyimage.com/146x100.png/cc0000/ffffff', 'Bertram Currier', 'Whimsical fairytale forest', 'Networked composite local area network', '3840x2160', '2012-10-14', 'jpeg');
insert into media_images (id, image_type, image_link, photographer, title, description, resolution, date_taken, file_format) values (7, 'collage', 'http://dummyimage.com/116x100.png/cc0000/ffffff', 'Pansy Witherington', 'Rustic barn in a field', 'Secured holistic matrices', '1024x768', '2001-01-18', 'gif');
insert into media_images (id, image_type, image_link, photographer, title, description, resolution, date_taken, file_format) values (8, 'collage', 'http://dummyimage.com/125x100.png/5fa2dd/ffffff', 'Rip Ailward', 'City skyline at night', 'Inverse regional knowledge user', '1920x1080', '2017-03-13', '');
insert into media_images (id, image_type, image_link, photographer, title, description, resolution, date_taken, file_format) values (9, 'portrait', 'http://dummyimage.com/181x100.png/5fa2dd/ffffff', 'Lorne Shrigley', 'Surreal dreamlike landscape', 'Future-proofed 6th generation artificial intelligence', '1920x1080', '2020-02-02', 'webp');
insert into media_images (id, image_type, image_link, photographer, title, description, resolution, date_taken, file_format) values (10, 'digital art', 'http://dummyimage.com/211x100.png/dddddd/000000', 'Maude Sheather', 'Majestic waterfall in the forest', 'Reactive directional core', '1024x768', '2006-04-06', 'svg');
insert into media_images (id, image_type, image_link, photographer, title, description, resolution, date_taken, file_format) values (11, 'pop art', 'http://dummyimage.com/161x100.png/ff4444/ffffff', 'Gusty Caulkett', 'Rural farm landscape', 'Enhanced solution-oriented groupware', '3840x2160', '2020-04-16', 'bmp');
insert into media_images (id, image_type, image_link, photographer, title, description, resolution, date_taken, file_format) values (12, 'minimalist', 'http://dummyimage.com/132x100.png/ff4444/ffffff', 'Marcie Blenkinsop', 'Snowy landscape in winter', 'Seamless heuristic database', '1280x720', '2022-02-12', 'tiff');
insert into media_images (id, image_type, image_link, photographer, title, description, resolution, date_taken, file_format) values (13, 'still life', 'http://dummyimage.com/215x100.png/5fa2dd/ffffff', 'Redford Tetford', 'Vintage car on a country road', 'Operative homogeneous time-frame', '1024x768', '2014-02-14', 'png');
insert into media_images (id, image_type, image_link, photographer, title, description, resolution, date_taken, file_format) values (14, 'surreal', 'http://dummyimage.com/183x100.png/cc0000/ffffff', 'Flossi Mellows', 'Rustic barn in a field', 'Up-sized didactic solution', '3840x2160', '2022-11-25', 'jpeg');
insert into media_images (id, image_type, image_link, photographer, title, description, resolution, date_taken, file_format) values (15, 'portrait', 'http://dummyimage.com/131x100.png/dddddd/000000', 'Sandy Tureville', 'Sunset over the mountains', 'Managed even-keeled implementation', '1280x720', '2005-11-22', 'bmp');
insert into media_images (id, image_type, image_link, photographer, title, description, resolution, date_taken, file_format) values (16, 'portrait', 'http://dummyimage.com/186x100.png/dddddd/000000', 'Tedi MacGillicuddy', 'Desert oasis with camels', 'Reactive clear-thinking complexity', '2560x1440', '2014-02-07', 'png');
insert into media_images (id, image_type, image_link, photographer, title, description, resolution, date_taken, file_format) values (17, 'still life', 'http://dummyimage.com/127x100.png/ff4444/ffffff', 'Barbi Bellord', 'Industrial cityscape', 'Grass-roots demand-driven array', '1024x768', '2023-10-05', '');
insert into media_images (id, image_type, image_link, photographer, title, description, resolution, date_taken, file_format) values (18, 'digital art', 'http://dummyimage.com/141x100.png/cc0000/ffffff', 'Shea Turone', 'Urban graffiti art', 'Implemented maximized installation', '1024x768', '2016-08-08', 'tiff');
insert into media_images (id, image_type, image_link, photographer, title, description, resolution, date_taken, file_format) values (19, 'surreal', 'http://dummyimage.com/123x100.png/ff4444/ffffff', 'Emanuel Beauvais', 'Vintage car on a country road', 'Diverse local encoding', '1920x1080', '2007-09-12', 'png');
insert into media_images (id, image_type, image_link, photographer, title, description, resolution, date_taken, file_format) values (20, 'black and white', 'http://dummyimage.com/245x100.png/cc0000/ffffff', 'Merci Jurges', 'Flowers in bloom', 'Networked demand-driven strategy', '1280x720', '2018-11-02', 'svg');
insert into media_images (id, image_type, image_link, photographer, title, description, resolution, date_taken, file_format) values (21, 'collage', 'http://dummyimage.com/124x100.png/cc0000/ffffff', 'Willy Capron', 'Vintage car on a country road', 'Reverse-engineered stable firmware', '1024x768', '2011-01-19', 'gif');
insert into media_images (id, image_type, image_link, photographer, title, description, resolution, date_taken, file_format) values (22, 'pop art', 'http://dummyimage.com/145x100.png/dddddd/000000', 'Gavan Bossel', 'Autumn leaves on the ground', 'Future-proofed context-sensitive hub', '1280x720', '2019-04-25', 'tiff');
insert into media_images (id, image_type, image_link, photographer, title, description, resolution, date_taken, file_format) values (23, 'digital art', 'http://dummyimage.com/146x100.png/dddddd/000000', 'Arlan Roland', 'Colorful hot air balloons in the sky', 'Enterprise-wide leading edge intranet', '1280x720', '2021-08-11', '');
insert into media_images (id, image_type, image_link, photographer, title, description, resolution, date_taken, file_format) values (24, 'black and white', 'http://dummyimage.com/239x100.png/5fa2dd/ffffff', 'Eirena Axe', 'Cosmic galaxy in space', 'Inverse transitional hierarchy', '1280x720', '2005-06-06', 'bmp');
insert into media_images (id, image_type, image_link, photographer, title, description, resolution, date_taken, file_format) values (25, 'landscape', 'http://dummyimage.com/161x100.png/dddddd/000000', 'Rosabelle Shimman', 'Surreal dreamlike landscape', 'Team-oriented system-worthy encryption', '1024x768', '2013-05-22', 'gif');
insert into media_images (id, image_type, image_link, photographer, title, description, resolution, date_taken, file_format) values (26, 'pop art', 'http://dummyimage.com/184x100.png/ff4444/ffffff', 'Derek Orknay', 'Vintage car on a country road', 'Re-contextualized impactful knowledge user', '3840x2160', '2022-10-18', 'webp');
insert into media_images (id, image_type, image_link, photographer, title, description, resolution, date_taken, file_format) values (27, 'digital art', 'http://dummyimage.com/151x100.png/5fa2dd/ffffff', 'Billy Trahearn', 'Flowers in bloom', 'Multi-layered multi-tasking infrastructure', '1920x1080', '2000-10-07', 'png');
insert into media_images (id, image_type, image_link, photographer, title, description, resolution, date_taken, file_format) values (28, 'surreal', 'http://dummyimage.com/189x100.png/dddddd/000000', 'Jeremias Brankley', 'City skyline at night', 'Compatible 24/7 orchestration', '2560x1440', '2002-10-13', 'tiff');
insert into media_images (id, image_type, image_link, photographer, title, description, resolution, date_taken, file_format) values (29, 'digital art', 'http://dummyimage.com/140x100.png/dddddd/000000', 'Matthieu Rubel', 'Cosmic galaxy in space', 'Object-based client-server array', '3840x2160', '2005-03-13', 'svg');
insert into media_images (id, image_type, image_link, photographer, title, description, resolution, date_taken, file_format) values (30, 'landscape', 'http://dummyimage.com/217x100.png/cc0000/ffffff', 'Lynnett Robrose', 'Sunset over the mountains', 'Integrated national moratorium', '2560x1440', '2021-11-20', 'tiff');
insert into media_images (id, image_type, image_link, photographer, title, description, resolution, date_taken, file_format) values (31, 'pop art', 'http://dummyimage.com/129x100.png/5fa2dd/ffffff', 'Clarke Fontell', 'Snowy landscape in winter', 'Phased human-resource architecture', '2560x1440', '2017-08-28', 'gif');
insert into media_images (id, image_type, image_link, photographer, title, description, resolution, date_taken, file_format) values (32, 'collage', 'http://dummyimage.com/131x100.png/cc0000/ffffff', 'Dorolisa Hamm', 'Sunset over the mountains', 'Phased motivating methodology', '2560x1440', '2001-05-30', 'tiff');
insert into media_images (id, image_type, image_link, photographer, title, description, resolution, date_taken, file_format) values (33, 'digital art', 'http://dummyimage.com/141x100.png/dddddd/000000', 'Bliss Heintzsch', 'Rustic barn in a field', 'Customer-focused intermediate secured line', '3840x2160', '2018-07-10', 'bmp');
insert into media_images (id, image_type, image_link, photographer, title, description, resolution, date_taken, file_format) values (34, 'landscape', 'http://dummyimage.com/106x100.png/ff4444/ffffff', 'Reinwald Loynes', 'Ocean waves crashing on rocks', 'Customizable bifurcated installation', '1920x1080', '2002-06-14', 'bmp');
insert into media_images (id, image_type, image_link, photographer, title, description, resolution, date_taken, file_format) values (35, 'minimalist', 'http://dummyimage.com/161x100.png/5fa2dd/ffffff', 'Brandon Angus', 'Sunset over the mountains', 'Managed asymmetric synergy', '1920x1080', '2010-05-02', 'gif');
insert into media_images (id, image_type, image_link, photographer, title, description, resolution, date_taken, file_format) values (36, 'landscape', 'http://dummyimage.com/100x100.png/ff4444/ffffff', 'Kahaleel Coda', 'Abstract geometric shapes', 'Self-enabling next generation flexibility', '1280x720', '2022-07-09', 'tiff');
insert into media_images (id, image_type, image_link, photographer, title, description, resolution, date_taken, file_format) values (37, 'still life', 'http://dummyimage.com/121x100.png/5fa2dd/ffffff', 'Heddi Wride', 'Industrial cityscape', 'Decentralized tangible hierarchy', '1024x768', '2017-02-26', 'tiff');
insert into media_images (id, image_type, image_link, photographer, title, description, resolution, date_taken, file_format) values (38, 'still life', 'http://dummyimage.com/126x100.png/5fa2dd/ffffff', 'Ansel Beames', 'Whimsical fairytale forest', 'Seamless methodical toolset', '3840x2160', '2005-10-19', 'bmp');
insert into media_images (id, image_type, image_link, photographer, title, description, resolution, date_taken, file_format) values (39, 'collage', 'http://dummyimage.com/225x100.png/5fa2dd/ffffff', 'Minda Aulsford', 'Tropical paradise beach', 'Managed even-keeled hub', '2560x1440', '2018-01-07', 'jpeg');
insert into media_images (id, image_type, image_link, photographer, title, description, resolution, date_taken, file_format) values (40, 'still life', 'http://dummyimage.com/238x100.png/ff4444/ffffff', 'Tyson Hassewell', 'Surreal dreamlike landscape', 'Open-source coherent alliance', '2560x1440', '2021-11-23', 'tiff');

insert into media_literature (id, description, author, link, type, title, publisher, publication_date, genre, page_count, budget, ISBN) values (60, 'Business-focused explicit internet solution', 'Kristofor McCathie', 'http://bandcamp.com/suspendisse/ornare/consequat.html', 'article', 'War and Peace', 'Simon & Schuster', '2003-04-17', 'Drama', 1113, 12359, '269597604-6');
insert into media_literature (id, description, author, link, type, title, publisher, publication_date, genre, page_count, budget, ISBN) values (61, 'Synergized contextually-based process improvement', 'Susie Siemon', 'https://wikimedia.org/vulputate/vitae/nisl/aenean/lectus/pellentesque.html', 'essay', 'Les Miserables', 'Penguin Random House', '2007-05-02', 'Crime|Mystery|Thriller', 327, 4868, '674490817-0');
insert into media_literature (id, description, author, link, type, title, publisher, publication_date, genre, page_count, budget, ISBN) values (62, 'Phased responsive intranet', 'Orv Cozby', 'http://eventbrite.com/duis/aliquam/convallis/nunc/proin/at/turpis.json', 'book', 'The Girl with the Dragon Tattoo', 'Hachette Book Group', '2007-06-14', 'Documentary|War', 1413, 9145, '153741692-8');
insert into media_literature (id, description, author, link, type, title, publisher, publication_date, genre, page_count, budget, ISBN) values (63, 'Operative 6th generation flexibility', 'Dory Sheirlaw', 'https://theglobeandmail.com/nullam/sit/amet/turpis.xml', 'article', 'The Road', 'Simon & Schuster', '2000-09-15', 'Horror', 1440, 14718, '750460293-0');
insert into media_literature (id, description, author, link, type, title, publisher, publication_date, genre, page_count, budget, ISBN) values (64, 'Quality-focused optimal instruction set', 'Bogart Goskar', 'http://facebook.com/id/ligula/suspendisse/ornare/consequat/lectus.xml', 'poem', 'Pride and Prejudice', 'Hachette Book Group', '2022-03-03', 'Comedy', 907, 1085, '816018125-6');
insert into media_literature (id, description, author, link, type, title, publisher, publication_date, genre, page_count, budget, ISBN) values (65, 'Adaptive didactic infrastructure', 'Alano Sneden', 'https://biglobe.ne.jp/mauris.jpg', 'short story', 'Harry Potter and the Sorcerer''s Stone', 'Hachette Book Group', '2019-08-23', 'Drama', 475, 8037, '657879541-3');
insert into media_literature (id, description, author, link, type, title, publisher, publication_date, genre, page_count, budget, ISBN) values (66, 'Focused needs-based software', 'Matilde Barrowcliffe', 'http://gmpg.org/diam/nam/tristique.js', 'poem', 'Brave New World', 'HarperCollins', '2014-02-19', 'Comedy|Drama', 1468, 6975, '339668133-9');
insert into media_literature (id, description, author, link, type, title, publisher, publication_date, genre, page_count, budget, ISBN) values (67,
                                                                                                                                                'Self-enabling multi-tasking support', 'Rupert Carnegy', 'https://techcrunch.com/consectetuer.xml', 'novel', 'To Kill a Mockingbird', 'Penguin Random House', '1994-02-21', 'Thriller', 1271, 11785, '730877564-X');
insert into media_literature (id, description, author, link, type, title, publisher, publication_date, genre, page_count, budget, ISBN) values (68, 'Open-architected discrete hardware', 'Tanitansy Bearns', 'http://kickstarter.com/consequat/nulla/nisl/nunc/nisl/duis.html', 'novel', 'Don Quixote', 'Penguin Random House', '2022-10-18', 'Comedy|Drama', 1149, 2577, '201970839-6');
insert into media_literature (id, description, author, link, type, title, publisher, publication_date, genre, page_count, budget, ISBN) values (69, 'Open-architected intangible benchmark', 'Lesya Bernaldo', 'https://cyberchimps.com/parturient/montes/nascetur.jpg', 'poem', 'The Count of Monte Cristo', 'Simon & Schuster', '1996-08-29', 'Action|Adventure|Drama|War', 1375, 7341, '812501622-8');
insert into media_literature (id, description, author, link, type, title, publisher, publication_date, genre, page_count, budget, ISBN) values (70, 'Total intangible migration', 'Lurline McGrady', 'https://photobucket.com/pulvinar/sed/nisl/nunc.jpg', 'book', 'The Catcher in the Rye', 'Simon & Schuster', '2015-12-15', 'Comedy', 751, 2414, '951582352-8');
insert into media_literature (id, description, author, link, type, title, publisher, publication_date, genre, page_count, budget, ISBN) values (71, 'Advanced foreground hub', 'Kipp McFade', 'https://pagesperso-orange.fr/odio/consequat.aspx', 'essay', 'The Girl on the Train', 'Simon & Schuster', '1992-05-20', 'Animation', 1429, 9853, '510720039-7');
insert into media_literature (id, description, author, link, type, title, publisher, publication_date, genre, page_count, budget, ISBN) values (72, 'Monitored mission-critical moderator', 'Kathi Pfaff', 'http://wufoo.com/cras.xml', 'short story', 'The Old Man and the Sea', 'Macmillan', '2006-08-20', 'Action|Crime', 691, 3120, '062274087-3');
insert into media_literature (id, description, author, link, type, title, publisher, publication_date, genre, page_count, budget, ISBN) values (73, 'Compatible system-worthy model', 'Hillard Boxer', 'https://tamu.edu/vitae/nisl/aenean/lectus/pellentesque/eget/nunc.xml', 'short story', 'Life of Pi', 'Penguin Random House', '2008-11-10', 'Documentary', 1140, 10235, '334397574-5');
insert into media_literature (id, description, author, link, type, title, publisher, publication_date, genre, page_count, budget, ISBN) values (74, 'Fully-configurable encompassing interface', 'Dugald Robuchon', 'https://live.com/eros.json', 'short story', 'The Da Vinci Code', 'Penguin Random House', '2002-07-15', 'Drama|Romance', 248, 10389, '940324191-8');
insert into media_literature (id, description, author, link, type, title, publisher, publication_date, genre, page_count, budget, ISBN) values (75, 'Intuitive didactic infrastructure', 'Bryanty Naisbit', 'http://ft.com/hac/habitasse/platea/dictumst.html', 'short story', 'The Old Man and the Sea', 'Macmillan', '2008-04-03', 'Comedy|Drama|Romance', 1235, 4356, '258205068-7');
insert into media_literature (id, description, author, link, type, title, publisher, publication_date, genre, page_count, budget, ISBN) values (76, 'Cross-group dynamic extranet', 'Babara Klimov', 'http://nbcnews.com/feugiat/et/eros.xml', 'novel', 'The Hunger Games', 'Macmillan', '2007-08-19', 'Documentary', 327, 13165, '328956011-2');
insert into media_literature (id, description, author, link, type, title, publisher, publication_date, genre, page_count, budget, ISBN) values (77, 'Up-sized demand-driven hub', 'Ugo June', 'https://google.ru/in/ante/vestibulum/ante/ipsum.jsp', 'poem', 'Jane Eyre', 'HarperCollins', '1993-05-10', 'Western', 1101, 11953, '417116733-7');
insert into media_literature (id, description, author, link, type, title, publisher, publication_date, genre, page_count, budget, ISBN) values (78, 'Cross-group mobile leverage', 'Law Macrae', 'https://rakuten.co.jp/sit/amet/consectetuer/adipiscing.jpg', 'book', 'The Great Gatsby', 'Simon & Schuster', '1991-12-02', 'Drama', 964, 5248, '409728217-4');
insert into media_literature (id, description, author, link, type, title, publisher, publication_date, genre, page_count, budget, ISBN) values (79, 'Distributed zero defect forecast', 'Nehemiah Foucard', 'https://cbc.ca/duis/consequat/dui/nec/nisi/volutpat.jsp', 'poem', 'War and Peace', 'HarperCollins', '2013-09-05', 'Crime|Drama|Mystery|Thriller', 630, 7611, '640206031-3');
insert into media_literature (id, description, author, link, type, title, publisher, publication_date, genre, page_count, budget, ISBN) values (80, 'Phased hybrid collaboration', 'Emmey Hardage', 'https://amazon.co.jp/pulvinar/sed.xml', 'novel', 'The Book Thief', 'Hachette Book Group', '2022-10-03', 'Comedy', 648, 2345, '816941645-0');
insert into media_literature (id, description, author, link, type, title, publisher, publication_date, genre, page_count, budget, ISBN) values (81, 'Object-based leading edge encryption', 'Rena Grindrod', 'https://freewebs.com/amet/diam/in/magna/bibendum/imperdiet.xml', 'novel', 'Jane Eyre', 'Simon & Schuster', '2023-12-30', 'Drama|Fantasy', 656, 12626, '006240740-6');
insert into media_literature (id, description, author, link, type, title, publisher, publication_date, genre, page_count, budget, ISBN) values (82, 'User-centric fresh-thinking methodology', 'Sandro Berrick', 'https://opera.com/sit/amet/nulla/quisque/arcu/libero.aspx', 'short story', 'The Sun Also Rises', 'Simon & Schuster', '2002-01-01', 'Drama', 228, 12677, '715963220-6');
insert into media_literature (id, description, author, link, type, title, publisher, publication_date, genre, page_count, budget, ISBN) values (83, 'Versatile incremental implementation', 'Alvy Hasnney', 'http://list-manage.com/nisi/eu/orci/mauris.aspx', 'essay', 'The Hobbit', 'HarperCollins', '1991-10-21', 'Documentary', 1352, 3428, '604860260-X');
insert into media_literature (id, description, author, link, type, title, publisher, publication_date, genre, page_count, budget, ISBN) values (84, 'Optional contextually-based utilisation', 'Berthe Hebble', 'https://about.me/id/mauris.jsp', 'short story', 'Crime and Punishment', 'Macmillan', '2016-08-08', 'Action', 1182, 11221, '169477998-X');
insert into media_literature (id, description, author, link, type, title, publisher, publication_date, genre, page_count, budget, ISBN) values (85, 'Organic contextually-based function', 'Taite Meneer', 'http://uol.com.br/pulvinar.aspx', 'essay', 'The Picture of Dorian Gray', 'HarperCollins', '2016-12-02', 'Action|Adventure|Mystery|Romance|Thriller', 438, 5733, '985593570-5');
insert into media_literature (id, description, author, link, type, title, publisher, publication_date, genre, page_count, budget, ISBN) values (86, 'Profound asymmetric initiative', 'Heinrick Lankester', 'http://senate.gov/lobortis.js', 'article', 'The Hunger Games', 'HarperCollins', '1994-06-01', 'Comedy|Drama|War', 326, 4317, '076335239-X');
insert into media_literature (id, description, author, link, type, title, publisher, publication_date, genre, page_count, budget, ISBN) values (87, 'Assimilated optimal neural-net', 'Mario Tallis', 'http://sciencedirect.com/lorem/ipsum/dolor/sit/amet.json', 'poem', 'Beloved', 'Hachette Book Group', '2016-09-23', 'Comedy', 313, 9078, '921761885-3');
insert into media_literature (id, description, author, link, type, title, publisher, publication_date, genre, page_count, budget, ISBN) values (88, 'Distributed dedicated knowledge base', 'Eberto Wasiela', 'https://dagondesign.com/mauris/non/ligula/pellentesque/ultrices.json', 'poem', 'Harry Potter and the Sorcerer''s Stone', 'Simon & Schuster', '2023-07-05', 'Comedy', 971, 12888, '989507449-2');
insert into media_literature (id, description, author, link, type, title, publisher, publication_date, genre, page_count, budget, ISBN) values (89, 'Profound executive Graphical User Interface', 'Ashlee McQuade', 'https://columbia.edu/rutrum/nulla/nunc/purus/phasellus/in.png', 'essay', 'The Road', 'HarperCollins', '2023-07-04', 'Drama', 181, 14111, '876497361-1');
insert into media_literature (id, description, author, link, type, title, publisher, publication_date, genre, page_count, budget, ISBN) values (90, 'Enterprise-wide didactic flexibility', 'Hayden Andryunin', 'https://infoseek.co.jp/ipsum/dolor/sit/amet/consectetuer/adipiscing.json', 'essay', 'The Adventures of Huckleberry Finn', 'Penguin Random House', '1998-08-19', 'Comedy|Fantasy|Romance', 1408, 1831, '054898342-9');
insert into media_literature (id, description, author, link, type, title, publisher, publication_date, genre, page_count, budget, ISBN) values (91, 'Automated homogeneous workforce', 'Umberto Isworth', 'https://imdb.com/morbi/vel/lectus/in/quam/fringilla/rhoncus.xml', 'novel', 'Gone Girl', 'HarperCollins', '2011-10-31', 'Crime|Drama|Romance', 1356, 125, '901319822-8');
insert into media_literature (id, description, author, link, type, title, publisher, publication_date, genre, page_count, budget, ISBN) values (92, 'Fundamental secondary synergy', 'Lorrie Farnie', 'https://harvard.edu/mus/vivamus/vestibulum/sagittis.png', 'article', 'The Count of Monte Cristo', 'HarperCollins', '1993-03-24', 'Documentary', 1415, 11087, '432625432-7');
insert into media_literature (id, description, author, link, type, title, publisher, publication_date, genre, page_count, budget, ISBN) values (93, 'Horizontal reciprocal open system', 'Rhianna Hulles', 'https://vistaprint.com/at.jpg', 'novel', 'Dracula', 'Hachette Book Group', '2018-03-13', 'Documentary', 1231, 8917, '262603325-1');
insert into media_literature (id, description, author, link, type, title, publisher, publication_date, genre, page_count, budget, ISBN) values (94, 'Monitored solution-oriented collaboration', 'Archambault Fayerman', 'http://cdc.gov/orci/luctus/et.jpg', 'book', 'The Girl on the Train', 'Simon & Schuster', '2024-07-16', 'Drama|Romance', 407, 7688, '303538988-8');
insert into media_literature (id, description, author, link, type, title, publisher, publication_date, genre, page_count, budget, ISBN) values (95, 'Assimilated object-oriented moratorium', 'Maura Shadwick', 'http://marriott.com/nisl/duis/ac/nibh.xml', 'poem', 'Jane Eyre', 'HarperCollins', '2009-12-05', 'Western', 1044, 11083, '305662093-7');
insert into media_literature (id, description, author, link, type, title, publisher, publication_date, genre, page_count, budget, ISBN) values (96, 'Synchronised bifurcated focus group', 'Harlen Elijah', 'http://surveymonkey.com/nonummy/maecenas/tincidunt/lacus/at.json', 'novel', 'The Girl with the Dragon Tattoo', 'Hachette Book Group', '2002-08-04', 'Action|Adventure|Comedy|Fantasy', 1277, 5536, '190653965-0');
insert into media_literature (id, description, author, link, type, title, publisher, publication_date, genre, page_count, budget, ISBN) values (97, 'Reactive directional projection', 'Andris Joy', 'https://columbia.edu/donec/ut/mauris.html', 'article', 'Les Miserables', 'Macmillan', '2004-10-18', 'Drama|War', 1256, 6750, '066581870-X');
insert into media_literature (id, description, author, link, type, title, publisher, publication_date, genre, page_count, budget, ISBN) values (98, 'Fully-configurable zero tolerance superstructure', 'Des Denge', 'http://nsw.gov.au/mauris/enim/leo/rhoncus.js', 'novel', 'The Road', 'Penguin Random House', '2014-04-23', 'Adventure|Drama|Romance', 633, 4343, '678131292-8');
insert into media_literature (id, description, author, link, type, title, publisher, publication_date, genre, page_count, budget, ISBN) values (99, 'Robust modular superstructure', 'Amii Conochie', 'http://amazon.de/augue/luctus/tincidunt/nulla.jsp', 'article', 'Slaughterhouse-Five', 'Hachette Book Group', '2021-10-09', 'Action|Adventure|Sci-Fi|Thriller', 366, 11224, '364535197-3');
insert into media_literature (id, description, author, link, type, title, publisher, publication_date, genre, page_count, budget, ISBN) values (100, 'Devolved multi-state time-frame', 'Marv Pettingall', 'http://irs.gov/curabitur/at/ipsum/ac/tellus/semper/interdum.html', 'book', 'The Handmaid''s Tale', 'Hachette Book Group', '2010-06-26', 'Drama', 326, 13912, '194131652-2');

insert into media_videos (id, length, description, video_type, name, size, quality, genre, director) values (105, 172, 'Total local superstructure', 'show', 'Greetings', 5592205890, '720p', 'Comedy', 'Spike Lee');
insert into media_videos (id, length, description, video_type, name, size, quality, genre, director) values (106, 303, 'Phased fresh-thinking framework', 'short film', 'Miracle of Marcelino, The (Marcelino pan y vino)', 3780316407, '4k', 'Comedy|Drama', 'Steven Spielberg');
insert into media_videos (id, length, description, video_type, name, size, quality, genre, director) values (107, 186, 'Persevering logistical application', 'movie', 'Cat and the Canary, The', 5945400049, '720p', 'Comedy|Horror|Mystery', 'Steven Spielberg');
insert into media_videos (id, length, description, video_type, name, size, quality, genre, director) values (108, 318, 'Function-based zero administration intranet', 'short film', 'PCU', 7318414455, '8k', 'Comedy', 'Christopher Nolan');
insert into media_videos (id, length, description, video_type, name, size, quality, genre, director) values (109, 172, 'Operative leading edge neural-net', 'show', 'Annabel Takes a Tour (Annabel Takes a Trip)', 3727701869, '1080p', 'Comedy', 'Steven Spielberg');
insert into media_videos (id, length, description, video_type, name, size, quality, genre, director) values (110, 180, 'Customer-focused discrete budgetary management', 'movie', 'Angel in Cracow (Aniol w Krakowie)', 7982496225, '720p', 'Comedy|Drama', 'Quentin Tarantino');
insert into media_videos (id, length, description, video_type, name, size, quality, genre, director) values (111, 174, 'Sharable transitional archive', 'series', 'Talaash', 7686367512, '1080p', 'Crime|Drama|Mystery', 'Quentin Tarantino');
insert into media_videos (id, length, description, video_type, name, size, quality, genre, director) values (112, 94, 'Expanded human-resource database', 'short film', 'Captive Heart: The James Mink Story', 7521176604, '8k', 'Drama', 'Steven Spielberg');
insert into media_videos (id, length, description, video_type, name, size, quality, genre, director) values (113, 242, 'User-friendly coherent circuit', 'documentary', 'Law of Desire (Ley del deseo, La)', 8905158239, 'HD', 'Comedy|Drama|Romance', 'Steven Spielberg');
insert into media_videos (id, length, description, video_type, name, size, quality, genre, director) values (114, 95, 'De-engineered cohesive flexibility', 'series', 'Wartorn: 1861-2010', 2865544748, '8k', 'Documentary|War', 'Steven Spielberg');
insert into media_videos (id, length, description, video_type, name, size, quality, genre, director) values (115, 55, 'Enhanced solution-oriented methodology', 'series', 'Life as We Know It', 6922581323, '8k', 'Comedy|Romance', 'Steven Spielberg');
insert into media_videos (id, length, description, video_type, name, size, quality, genre, director) values (116, 39, 'Grass-roots needs-based moratorium', 'short film', 'Incognito', 4903003850, '4k', 'Crime|Thriller', 'Steven Spielberg');
insert into media_videos (id, length, description, video_type, name, size, quality, genre, director) values (117, 140, 'Cloned dedicated synergy', 'movie', 'Street Fight', 2734499475, '4k', 'Documentary', 'Quentin Tarantino');
insert into media_videos (id, length, description, video_type, name, size, quality, genre, director) values (118, 284, 'Devolved attitude-oriented moratorium', 'short film', 'Friday Night (Vendredi Soir)', 7327508864, '1080p', 'Drama', 'Quentin Tarantino');
insert into media_videos (id, length, description, video_type, name, size, quality, genre, director) values (119, 211, 'Programmable 24/7 middleware', 'short film', 'Fair Game', 3344554840, '4k', 'Drama|Thriller', 'Spike Lee');
insert into media_videos (id, length, description, video_type, name, size, quality, genre, director) values (120, 126, 'Realigned discrete budgetary management', 'documentary', 'Devil and Daniel Johnston, The', 8030613491, '8k', 'Documentary', 'Martin Scorsese');
insert into media_videos (id, length, description, video_type, name, size, quality, genre, director) values (121, 199, 'Configurable well-modulated ability', 'movie', 'Beyond Silence (Jenseits der Stille)', 3847278083, '720p', 'Drama', 'Martin Scorsese');
insert into media_videos (id, length, description, video_type, name, size, quality, genre, director) values (122, 239, 'Configurable holistic time-frame', 'series', 'High Fidelity', 1307983301, 'HD', 'Comedy|Drama|Romance', 'Quentin Tarantino');
insert into media_videos (id, length, description, video_type, name, size, quality, genre, director) values (123, 283, 'Pre-emptive neutral task-force', 'series', 'Stand by Me', 1134174329, 'HD', 'Adventure|Drama', 'Quentin Tarantino');
insert into media_videos (id, length, description, video_type, name, size, quality, genre, director) values (124, 39, 'Triple-buffered incremental moderator', 'documentary', 'Europeans, The', 1348178366, '720p', 'Drama|Romance', 'Martin Scorsese');
insert into media_videos (id, length, description, video_type, name, size, quality, genre, director) values (125, 317, 'Grass-roots motivating installation', 'documentary', 'Stateside', 5627695715, '4k', 'Drama', 'Quentin Tarantino');
insert into media_videos (id, length, description, video_type, name, size, quality, genre, director) values (126, 223, 'Inverse dedicated local area network', 'movie', 'Toothless', 2029413119, '1080p', 'Children|Comedy', 'Steven Spielberg');
insert into media_videos (id, length, description, video_type, name, size, quality, genre, director) values (127, 80, 'Multi-layered empowering application', 'movie', 'Zhou Yu''s Train (Zhou Yu de huo che)', 3833865869, '8k', 'Drama|Romance', 'Steven Spielberg');
insert into media_videos (id, length, description, video_type, name, size, quality, genre, director) values (128, 236, 'Horizontal upward-trending portal', 'short film', 'Sinbad (Szindbád)', 6109109580, '8k', 'Drama', 'Christopher Nolan');
insert into media_videos (id, length, description, video_type, name, size, quality, genre, director) values (129, 93, 'Automated leading edge function', 'documentary', 'Inspector Bellamy (Bellamy)', 1479902609, '4k', 'Crime|Drama', 'Martin Scorsese');
insert into media_videos (id, length, description, video_type, name, size, quality, genre, director) values (130, 319, 'Multi-layered national open architecture', 'short film', 'Next Best Thing, The', 5589511628, '4k', 'Comedy|Drama', 'Martin Scorsese');
insert into media_videos (id, length, description, video_type, name, size, quality, genre, director) values (131, 107, 'Multi-layered tertiary hub', 'short film', 'Flying Down to Rio', 4079935530, '8k', 'Comedy|Musical|Romance', 'Martin Scorsese');
insert into media_videos (id, length, description, video_type, name, size, quality, genre, director) values (132, 126, 'Streamlined well-modulated strategy', 'show', 'Bit by Bit', 2716801033, '1080p', '(no genres listed)', 'Spike Lee');
insert into media_videos (id, length, description, video_type, name, size, quality, genre, director) values (133, 141, 'Team-oriented foreground encoding', 'documentary', 'Clockwork Orange, A', 2682732577, '8k', 'Crime|Drama|Sci-Fi|Thriller', 'Steven Spielberg');
insert into media_videos (id, length, description, video_type, name, size, quality, genre, director) values (134, 223, 'Cloned responsive complexity', 'show', 'Zuzu Angel', 4404168890, '720p', 'Drama', 'Steven Spielberg');
insert into media_videos (id, length, description, video_type, name, size, quality, genre, director) values (135, 90, 'Integrated human-resource complexity', 'short film', 'Think Like a Man', 7624263227, '720p', 'Comedy', 'Christopher Nolan');
insert into media_videos (id, length, description, video_type, name, size, quality, genre, director) values (136, 184, 'Fully-configurable responsive application', 'short film', 'Carrington', 5944237291, '1080p', 'Drama|Romance', 'Spike Lee');
insert into media_videos (id, length, description, video_type, name, size, quality, genre, director) values (137, 275, 'Inverse interactive time-frame', 'movie', 'Absence of Malice', 5741393685, '4k', 'Drama|Romance', 'Quentin Tarantino');
insert into media_videos (id, length, description, video_type, name, size, quality, genre, director) values (138, 177, 'Total coherent collaboration', 'documentary', 'Projectionist, The', 7946801242, '720p', 'Comedy|Drama|Fantasy', 'Christopher Nolan');
insert into media_videos (id, length, description, video_type, name, size, quality, genre, director) values (139, 81, 'Devolved well-modulated focus group', 'movie', 'Holy Matrimony', 6211297542, '8k', 'Comedy|Crime', 'Spike Lee');
insert into media_videos (id, length, description, video_type, name, size, quality, genre, director) values (140, 253, 'Reduced client-driven core', 'series', 'They Call Me Renegade', 6977439469, '720p', 'Action|Adventure|Comedy|Western', 'Christopher Nolan');
insert into media_videos (id, length, description, video_type, name, size, quality, genre, director) values (141, 48, 'Organic context-sensitive extranet', 'movie', 'Dark Angel: Ascent, The', 4718460167, '1080p', 'Horror|Romance', 'Christopher Nolan');
insert into media_videos (id, length, description, video_type, name, size, quality, genre, director) values (142, 221, 'Re-engineered fault-tolerant instruction set', 'series', 'Cronos', 1241372473, '720p', 'Drama|Horror', 'Quentin Tarantino');
insert into media_videos (id, length, description, video_type, name, size, quality, genre, director) values (143, 31, 'Inverse eco-centric internet solution', 'show', 'Better This World', 3455068771, '4k', 'Documentary', 'Quentin Tarantino');
insert into media_videos (id, length, description, video_type, name, size, quality, genre, director) values (144, 167, 'Public-key context-sensitive strategy', 'show', 'Heartbreaker (L''Arnacoeur)', 2269084880, '4k', 'Comedy|Romance', 'Christopher Nolan');
insert into media_videos (id, length, description, video_type, name, size, quality, genre, director) values (145, 239, 'Re-contextualized hybrid Graphical User Interface', 'short film', 'CSNY Déjà Vu', 6625889330, '1080p', 'Documentary', 'Spike Lee');
insert into media_videos (id, length, description, video_type, name, size, quality, genre, director) values (146, 81, 'Open-source even-keeled access', 'series', 'Hottest State, The', 8184382641, '4k', 'Drama', 'Steven Spielberg');
insert into media_videos (id, length, description, video_type, name, size, quality, genre, director) values (147, 213, 'Configurable client-server initiative', 'documentary', 'Pastoral Hide and Seek (Den-en ni shisu)', 8945407192, '720p', 'Drama', 'Martin Scorsese');
insert into media_videos (id, length, description, video_type, name, size, quality, genre, director) values (148, 174, 'Object-based modular groupware', 'show', 'Student of Prague, The (a.k.a. Bargain with Satan, A) (Student von Prag, Der)', 8881430667, '720p', 'Drama|Horror', 'Steven Spielberg');
insert into media_videos (id, length, description, video_type, name, size, quality, genre, director) values (149, 65, 'Customizable zero administration instruction set', 'show', 'Two Queens and One Consort (Twee vorstinnen en een vorst)', 6964048411, '4k', 'Drama', 'Martin Scorsese');
insert into media_videos (id, length, description, video_type, name, size, quality, genre, director) values (150, 317, 'Down-sized encompassing parallelism', 'show', 'Prison (Fängelse) ', 6357498872, '1080p', 'Drama', 'Quentin Tarantino');


USE media_organizer;
insert into tags (tag_id, tag_name) values (1, 'motivating');
insert into tags (tag_id, tag_name) values (2, 'Networked');
insert into tags (tag_id, tag_name) values (3, 'Down-sized');
insert into tags (tag_id, tag_name) values (4, 'Configurable');
insert into tags (tag_id, tag_name) values (5, 'archive');
insert into tags (tag_id, tag_name) values (6, 'Upgradable');
insert into tags (tag_id, tag_name) values (7, 'holistic');
insert into tags (tag_id, tag_name) values (8, 'mobile');
insert into tags (tag_id, tag_name) values (9, 'parallelism');
insert into tags (tag_id, tag_name) values (10, 'Mandatory');
insert into tags (tag_id, tag_name) values (11, 'Synergized');
insert into tags (tag_id, tag_name) values (12, 'Multi-lateral');
insert into tags (tag_id, tag_name) values (13, 'concept');
insert into tags (tag_id, tag_name) values (14, 'Fundamental');
insert into tags (tag_id, tag_name) values (15, 'Monitored');
insert into tags (tag_id, tag_name) values (16, 'internet solution');
insert into tags (tag_id, tag_name) values (17, 'implementation');
insert into tags (tag_id, tag_name) values (18, 'Vision-oriented');
insert into tags (tag_id, tag_name) values (19, 'Compatible');
insert into tags (tag_id, tag_name) values (20, 'info-mediaries');
insert into tags (tag_id, tag_name) values (21, 'throughput');
insert into tags (tag_id, tag_name) values (22, 'didactic');
insert into tags (tag_id, tag_name) values (23, 'Ergonomic');
insert into tags (tag_id, tag_name) values (24, 'leading edge');
insert into tags (tag_id, tag_name) values (25, 'demand-driven');
insert into tags (tag_id, tag_name) values (26, 'Extended');
insert into tags (tag_id, tag_name) values (27, 'algorithm');
insert into tags (tag_id, tag_name) values (28, 'Graphical User Interface');
insert into tags (tag_id, tag_name) values (29, 'Devolved');
insert into tags (tag_id, tag_name) values (30, 'Function-based');
insert into tags (tag_id, tag_name) values (31, 'secured line');
insert into tags (tag_id, tag_name) values (32, 'bandwidth-monitored');
insert into tags (tag_id, tag_name) values (33, 'bandwidth-monitored');
insert into tags (tag_id, tag_name) values (34, 'matrices');
insert into tags (tag_id, tag_name) values (35, 'alliance');
insert into tags (tag_id, tag_name) values (36, 'homogeneous');
insert into tags (tag_id, tag_name) values (37, 'Multi-layered');
insert into tags (tag_id, tag_name) values (38, 'multi-state');
insert into tags (tag_id, tag_name) values (39, 'Diverse');
insert into tags (tag_id, tag_name) values (40, 'adapter');
insert into tags (tag_id, tag_name) values (41, 'Team-oriented');
insert into tags (tag_id, tag_name) values (42, 'firmware');
insert into tags (tag_id, tag_name) values (43, 'Implemented');
insert into tags (tag_id, tag_name) values (44, 'intranet');
insert into tags (tag_id, tag_name) values (45, 'frame');
insert into tags (tag_id, tag_name) values (46, 'interactive');
insert into tags (tag_id, tag_name) values (47, 'definition');
insert into tags (tag_id, tag_name) values (48, 'protocol');
insert into tags (tag_id, tag_name) values (49, 'Vision-oriented');
insert into tags (tag_id, tag_name) values (50, 'Managed');
insert into tags (tag_id, tag_name) values (51, 'Business-focused');
insert into tags (tag_id, tag_name) values (52, 'human-resource');
insert into tags (tag_id, tag_name) values (53, 'Optimized');
insert into tags (tag_id, tag_name) values (54, 'Public-key');
insert into tags (tag_id, tag_name) values (55, 'Operative');
insert into tags (tag_id, tag_name) values (56, 'installation');
insert into tags (tag_id, tag_name) values (57, 'Right-sized');
insert into tags (tag_id, tag_name) values (58, 'Optional');
insert into tags (tag_id, tag_name) values (59, 'neural-net');
insert into tags (tag_id, tag_name) values (60, 'Graphical User Interface');
insert into tags (tag_id, tag_name) values (61, 'functionalities');
insert into tags (tag_id, tag_name) values (62, 'Face to face');
insert into tags (tag_id, tag_name) values (63, 'disintermediate');
insert into tags (tag_id, tag_name) values (64, 'Universal');
insert into tags (tag_id, tag_name) values (65, 'next generation');
insert into tags (tag_id, tag_name) values (66, 'systemic');
insert into tags (tag_id, tag_name) values (67, 'success');
insert into tags (tag_id, tag_name) values (68, 'definition');
insert into tags (tag_id, tag_name) values (69, 'complexity');
insert into tags (tag_id, tag_name) values (70, 'standardization');
insert into tags (tag_id, tag_name) values (71, 'optimal');
insert into tags (tag_id, tag_name) values (72, 'Robust');
insert into tags (tag_id, tag_name) values (73, 'demand-driven');
insert into tags (tag_id, tag_name) values (74, '3rd generation');
insert into tags (tag_id, tag_name) values (75, 'collaboration');
insert into tags (tag_id, tag_name) values (76, 'projection');
insert into tags (tag_id, tag_name) values (77, 'static');
insert into tags (tag_id, tag_name) values (78, 'algorithm');
insert into tags (tag_id, tag_name) values (79, 'Robust');
insert into tags (tag_id, tag_name) values (80, 'context-sensitive');
insert into tags (tag_id, tag_name) values (81, 'Organized');
insert into tags (tag_id, tag_name) values (82, 'optimizing');
insert into tags (tag_id, tag_name) values (83, 'attitude-oriented');
insert into tags (tag_id, tag_name) values (84, 'Assimilated');
insert into tags (tag_id, tag_name) values (85, 'fault-tolerant');
insert into tags (tag_id, tag_name) values (86, 'zero administration');
insert into tags (tag_id, tag_name) values (87, 'budgetary management');
insert into tags (tag_id, tag_name) values (88, 'hardware');
insert into tags (tag_id, tag_name) values (89, 'motivating');
insert into tags (tag_id, tag_name) values (90, 'ability');
insert into tags (tag_id, tag_name) values (91, 'Synergistic');
insert into tags (tag_id, tag_name) values (92, 'reciprocal');
insert into tags (tag_id, tag_name) values (93, 'Multi-tiered');
insert into tags (tag_id, tag_name) values (94, 'clear-thinking');
insert into tags (tag_id, tag_name) values (95, 'Synergistic');
insert into tags (tag_id, tag_name) values (96, 'zero administration');
insert into tags (tag_id, tag_name) values (97, 'Switchable');
insert into tags (tag_id, tag_name) values (98, 'Fundamental');
insert into tags (tag_id, tag_name) values (99, 'user-facing');
insert into tags (tag_id, tag_name) values (100, 'Cloned');
insert into tags (tag_id, tag_name) values (101, 'artificial intelligence');
insert into tags (tag_id, tag_name) values (102, 'moratorium');
insert into tags (tag_id, tag_name) values (103, 'Diverse');
insert into tags (tag_id, tag_name) values (104, 'database');
insert into tags (tag_id, tag_name) values (105, 'artificial intelligence');
insert into tags (tag_id, tag_name) values (106, 'Profit-focused');
insert into tags (tag_id, tag_name) values (107, 'intranet');
insert into tags (tag_id, tag_name) values (108, 'Fundamental');
insert into tags (tag_id, tag_name) values (109, 'groupware');
insert into tags (tag_id, tag_name) values (110, 'Cross-platform');
insert into tags (tag_id, tag_name) values (111, 'Total');
insert into tags (tag_id, tag_name) values (112, 'tertiary');
insert into tags (tag_id, tag_name) values (113, 'systematic');
insert into tags (tag_id, tag_name) values (114, 'dynamic');
insert into tags (tag_id, tag_name) values (115, 'Enterprise-wide');
insert into tags (tag_id, tag_name) values (116, 'Persistent');
insert into tags (tag_id, tag_name) values (117, 'Right-sized');
insert into tags (tag_id, tag_name) values (118, 'bi-directional');
insert into tags (tag_id, tag_name) values (119, 'infrastructure');
insert into tags (tag_id, tag_name) values (120, 'customer loyalty');
insert into tags (tag_id, tag_name) values (121, 'solution-oriented');
insert into tags (tag_id, tag_name) values (122, 'Sharable');
insert into tags (tag_id, tag_name) values (123, 'Future-proofed');
insert into tags (tag_id, tag_name) values (124, 'Persevering');
insert into tags (tag_id, tag_name) values (125, 'Front-line');
insert into tags (tag_id, tag_name) values (126, 'Reverse-engineered');
insert into tags (tag_id, tag_name) values (127, 'upward-trending');
insert into tags (tag_id, tag_name) values (128, 'open architecture');
insert into tags (tag_id, tag_name) values (129, 'multimedia');
insert into tags (tag_id, tag_name) values (130, 'benchmark');
insert into tags (tag_id, tag_name) values (131, 'Managed');
insert into tags (tag_id, tag_name) values (132, 'mission-critical');
insert into tags (tag_id, tag_name) values (133, 'didactic');
insert into tags (tag_id, tag_name) values (134, 'directional');
insert into tags (tag_id, tag_name) values (135, 'approach');
insert into tags (tag_id, tag_name) values (136, 'secured line');
insert into tags (tag_id, tag_name) values (137, 'fresh-thinking');
insert into tags (tag_id, tag_name) values (138, 'Decentralized');
insert into tags (tag_id, tag_name) values (139, 'modular');
insert into tags (tag_id, tag_name) values (140, 'non-volatile');
insert into tags (tag_id, tag_name) values (141, 'Focused');
insert into tags (tag_id, tag_name) values (142, 'Right-sized');
insert into tags (tag_id, tag_name) values (143, 'Mandatory');
insert into tags (tag_id, tag_name) values (144, 'interface');
insert into tags (tag_id, tag_name) values (145, 'synergy');
insert into tags (tag_id, tag_name) values (146, 'framework');
insert into tags (tag_id, tag_name) values (147, '24/7');
insert into tags (tag_id, tag_name) values (148, 'archive');
insert into tags (tag_id, tag_name) values (149, 'Versatile');
insert into tags (tag_id, tag_name) values (150, 'complexity');
insert into tags (tag_id, tag_name) values (151, 'Function-based');
insert into tags (tag_id, tag_name) values (152, 'local area network');
insert into tags (tag_id, tag_name) values (153, 'Face to face');
insert into tags (tag_id, tag_name) values (154, 'Monitored');
insert into tags (tag_id, tag_name) values (155, 'fresh-thinking');
insert into tags (tag_id, tag_name) values (156, 'analyzing');
insert into tags (tag_id, tag_name) values (157, 'paradigm');
insert into tags (tag_id, tag_name) values (158, 'Vision-oriented');
insert into tags (tag_id, tag_name) values (159, 'alliance');
insert into tags (tag_id, tag_name) values (160, 'scalable');
insert into tags (tag_id, tag_name) values (161, 'superstructure');
insert into tags (tag_id, tag_name) values (162, 'structure');
insert into tags (tag_id, tag_name) values (163, 'Multi-lateral');
insert into tags (tag_id, tag_name) values (164, 'encryption');
insert into tags (tag_id, tag_name) values (165, 'system engine');
insert into tags (tag_id, tag_name) values (166, 'Pre-emptive');
insert into tags (tag_id, tag_name) values (167, 'reciprocal');
insert into tags (tag_id, tag_name) values (168, 'model');
insert into tags (tag_id, tag_name) values (169, 'local area network');
insert into tags (tag_id, tag_name) values (170, 'Fundamental');
insert into tags (tag_id, tag_name) values (171, 'De-engineered');
insert into tags (tag_id, tag_name) values (172, 'bottom-line');
insert into tags (tag_id, tag_name) values (173, 'Balanced');
insert into tags (tag_id, tag_name) values (174, 'system engine');
insert into tags (tag_id, tag_name) values (175, 'Extended');
insert into tags (tag_id, tag_name) values (176, 'conglomeration');
insert into tags (tag_id, tag_name) values (177, 'superstructure');
insert into tags (tag_id, tag_name) values (178, 'framework');
insert into tags (tag_id, tag_name) values (179, 'methodology');
insert into tags (tag_id, tag_name) values (180, '24/7');
insert into tags (tag_id, tag_name) values (181, 'Vision-oriented');
insert into tags (tag_id, tag_name) values (182, 'Persevering');
insert into tags (tag_id, tag_name) values (183, 'multi-state');
insert into tags (tag_id, tag_name) values (184, 'synergy');
insert into tags (tag_id, tag_name) values (185, 'background');
insert into tags (tag_id, tag_name) values (186, 'Adaptive');
insert into tags (tag_id, tag_name) values (187, 'Re-engineered');
insert into tags (tag_id, tag_name) values (188, 'mobile');
insert into tags (tag_id, tag_name) values (189, 'Face to face');
insert into tags (tag_id, tag_name) values (190, 'Synergized');
insert into tags (tag_id, tag_name) values (191, 'encoding');
insert into tags (tag_id, tag_name) values (192, 'workforce');
insert into tags (tag_id, tag_name) values (193, 'Inverse');
insert into tags (tag_id, tag_name) values (194, 'matrices');
insert into tags (tag_id, tag_name) values (195, 'Adaptive');
insert into tags (tag_id, tag_name) values (196, 'matrices');
insert into tags (tag_id, tag_name) values (197, 'User-friendly');
insert into tags (tag_id, tag_name) values (198, 'asymmetric');


insert into media_tags (media_id, tag_id) values ('62', 37);
insert into media_tags (media_id, tag_id) values ('43', 34);
insert into media_tags (media_id, tag_id) values ('58', 13);
insert into media_tags (media_id, tag_id) values ('102', 39);
insert into media_tags (media_id, tag_id) values ('88', 12);
insert into media_tags (media_id, tag_id) values ('142', 40);
insert into media_tags (media_id, tag_id) values ('86', 16);
insert into media_tags (media_id, tag_id) values ('25', 34);
insert into media_tags (media_id, tag_id) values ('112', 39);
insert into media_tags (media_id, tag_id) values ('78', 35);
insert into media_tags (media_id, tag_id) values ('24', 7);
insert into media_tags (media_id, tag_id) values ('19', 33);
insert into media_tags (media_id, tag_id) values ('79', 33);
insert into media_tags (media_id, tag_id) values ('76', 32);
insert into media_tags (media_id, tag_id) values ('21', 27);
insert into media_tags (media_id, tag_id) values ('91', 20);
insert into media_tags (media_id, tag_id) values ('54', 24);
insert into media_tags (media_id, tag_id) values ('112', 29);
insert into media_tags (media_id, tag_id) values ('133', 40);
insert into media_tags (media_id, tag_id) values ('18', 17);
insert into media_tags (media_id, tag_id) values ('12', 17);
insert into media_tags (media_id, tag_id) values ('105', 40);
insert into media_tags (media_id, tag_id) values ('149', 33);
insert into media_tags (media_id, tag_id) values ('110', 16);
insert into media_tags (media_id, tag_id) values ('62', 28);
insert into media_tags (media_id, tag_id) values ('119', 36);
insert into media_tags (media_id, tag_id) values ('70', 9);
insert into media_tags (media_id, tag_id) values ('56', 16);
insert into media_tags (media_id, tag_id) values ('72', 13);
insert into media_tags (media_id, tag_id) values ('58', 32);
insert into media_tags (media_id, tag_id) values ('3', 31);
insert into media_tags (media_id, tag_id) values ('31', 22);
insert into media_tags (media_id, tag_id) values ('133', 39);
insert into media_tags (media_id, tag_id) values ('49', 1);
insert into media_tags (media_id, tag_id) values ('123', 28);
insert into media_tags (media_id, tag_id) values ('20', 31);
insert into media_tags (media_id, tag_id) values ('87', 20);
insert into media_tags (media_id, tag_id) values ('41', 1);
insert into media_tags (media_id, tag_id) values ('40', 40);
insert into media_tags (media_id, tag_id) values ('69', 38);
insert into media_tags (media_id, tag_id) values ('32', 26);
insert into media_tags (media_id, tag_id) values ('62', 15);
insert into media_tags (media_id, tag_id) values ('33', 39);
insert into media_tags (media_id, tag_id) values ('69', 18);
insert into media_tags (media_id, tag_id) values ('143', 22);
insert into media_tags (media_id, tag_id) values ('140', 6);
insert into media_tags (media_id, tag_id) values ('24', 13);
insert into media_tags (media_id, tag_id) values ('75', 23);
insert into media_tags (media_id, tag_id) values ('57', 39);
insert into media_tags (media_id, tag_id) values ('135', 31);
insert into media_tags (media_id, tag_id) values ('146', 2);
insert into media_tags (media_id, tag_id) values ('3', 39);
insert into media_tags (media_id, tag_id) values ('7', 37);
insert into media_tags (media_id, tag_id) values ('41', 33);
insert into media_tags (media_id, tag_id) values ('141', 18);
insert into media_tags (media_id, tag_id) values ('128', 2);
insert into media_tags (media_id, tag_id) values ('81', 25);
insert into media_tags (media_id, tag_id) values ('54', 15);
insert into media_tags (media_id, tag_id) values ('143', 11);
insert into media_tags (media_id, tag_id) values ('146', 25);
insert into media_tags (media_id, tag_id) values ('118', 7);
insert into media_tags (media_id, tag_id) values ('87', 12);
insert into media_tags (media_id, tag_id) values ('88', 14);
insert into media_tags (media_id, tag_id) values ('53', 33);
insert into media_tags (media_id, tag_id) values ('106', 32);
insert into media_tags (media_id, tag_id) values ('130', 26);
insert into media_tags (media_id, tag_id) values ('47', 16);
insert into media_tags (media_id, tag_id) values ('126', 35);
insert into media_tags (media_id, tag_id) values ('35', 32);
insert into media_tags (media_id, tag_id) values ('125', 14);
insert into media_tags (media_id, tag_id) values ('133', 22);
insert into media_tags (media_id, tag_id) values ('65', 20);
insert into media_tags (media_id, tag_id) values ('73', 21);
insert into media_tags (media_id, tag_id) values ('110', 12);
insert into media_tags (media_id, tag_id) values ('98', 35);
insert into media_tags (media_id, tag_id) values ('120', 27);
insert into media_tags (media_id, tag_id) values ('125', 33);
insert into media_tags (media_id, tag_id) values ('122', 25);
insert into media_tags (media_id, tag_id) values ('116', 2);
insert into media_tags (media_id, tag_id) values ('74', 23);
insert into media_tags (media_id, tag_id) values ('13', 1);
insert into media_tags (media_id, tag_id) values ('134', 19);
insert into media_tags (media_id, tag_id) values ('34', 24);
insert into media_tags (media_id, tag_id) values ('22', 16);
insert into media_tags (media_id, tag_id) values ('125', 19);
insert into media_tags (media_id, tag_id) values ('147', 40);
insert into media_tags (media_id, tag_id) values ('135', 15);
insert into media_tags (media_id, tag_id) values ('63', 2);
insert into media_tags (media_id, tag_id) values ('48', 9);
insert into media_tags (media_id, tag_id) values ('86', 11);
insert into media_tags (media_id, tag_id) values ('109', 13);
insert into media_tags (media_id, tag_id) values ('45', 8);
insert into media_tags (media_id, tag_id) values ('60', 12);
insert into media_tags (media_id, tag_id) values ('69', 30);
insert into media_tags (media_id, tag_id) values ('68', 32);
insert into media_tags (media_id, tag_id) values ('149', 1);
insert into media_tags (media_id, tag_id) values ('128', 22);
insert into media_tags (media_id, tag_id) values ('70', 38);
insert into media_tags (media_id, tag_id) values ('142', 19);
insert into media_tags (media_id, tag_id) values ('43', 6);
insert into media_tags (media_id, tag_id) values ('124', 24);
insert into media_tags (media_id, tag_id) values ('15', 7);
insert into media_tags (media_id, tag_id) values ('29', 28);
insert into media_tags (media_id, tag_id) values ('67', 6);
insert into media_tags (media_id, tag_id) values ('138', 39);
insert into media_tags (media_id, tag_id) values ('70', 20);
insert into media_tags (media_id, tag_id) values ('31', 15);
insert into media_tags (media_id, tag_id) values ('118', 18);
insert into media_tags (media_id, tag_id) values ('1', 16);
insert into media_tags (media_id, tag_id) values ('113', 2);
insert into media_tags (media_id, tag_id) values ('13', 26);
insert into media_tags (media_id, tag_id) values ('113', 16);
insert into media_tags (media_id, tag_id) values ('7', 23);
insert into media_tags (media_id, tag_id) values ('98', 2);
insert into media_tags (media_id, tag_id) values ('16', 8);
insert into media_tags (media_id, tag_id) values ('44', 21);
insert into media_tags (media_id, tag_id) values ('64', 35);
insert into media_tags (media_id, tag_id) values ('128', 1);
insert into media_tags (media_id, tag_id) values ('133', 35);
insert into media_tags (media_id, tag_id) values ('9', 1);


insert into users (user_id, name, profile_pic_url, profile_bio, registration_date, last_seen, date_of_birth, phone_number, city, state, country) values (1, 'Brendis Frake', 'http://dummyimage.com/233x100.png/cc0000/ffffff', 'Public-key radical focus group', '2023-08-07', '2024-05-31', '1989-04-17', '(409) 7924158', 'Beaumont', 'Texas', 'United States');
insert into users (user_id, name, profile_pic_url, profile_bio, registration_date, last_seen, date_of_birth, phone_number, city, state, country) values (2, 'Aveline Robberecht', 'http://dummyimage.com/167x100.png/ff4444/ffffff', 'Fundamental real-time policy', '2023-07-08', '2023-07-18', '1954-11-16', '(405) 2911041', 'Oklahoma City', 'Oklahoma', 'United States');
insert into users (user_id, name, profile_pic_url, profile_bio, registration_date, last_seen, date_of_birth, phone_number, city, state, country) values (3, 'Sherrie Scandrick', 'http://dummyimage.com/182x100.png/cc0000/ffffff', 'Intuitive responsive leverage', '2023-08-09', '2024-02-21', '1954-01-28', '(714) 2308772', 'San Jose', 'California', 'United States');
insert into users (user_id, name, profile_pic_url, profile_bio, registration_date, last_seen, date_of_birth, phone_number, city, state, country) values (4, 'Farlay Kobpa', 'http://dummyimage.com/194x100.png/ff4444/ffffff', 'Open-source asynchronous implementation', '2023-07-31', '2023-10-11', '1951-08-19', '(718) 8948251', 'Bronx', 'New York', 'United States');
insert into users (user_id, name, profile_pic_url, profile_bio, registration_date, last_seen, date_of_birth, phone_number, city, state, country) values (5, 'Elfie Charrington', 'http://dummyimage.com/200x100.png/ff4444/ffffff', 'Intuitive discrete concept', '2023-07-08', '2024-04-03', '1999-02-12', '(240) 9917040', 'Bowie', 'Maryland', 'United States');
insert into users (user_id, name, profile_pic_url, profile_bio, registration_date, last_seen, date_of_birth, phone_number, city, state, country) values (6, 'Raff Tolman', 'http://dummyimage.com/169x100.png/cc0000/ffffff', 'Exclusive eco-centric local area network', '2023-08-06', '2024-06-28', '1997-09-25', '(208) 2573508', 'Boise', 'Idaho', 'United States');
insert into users (user_id, name, profile_pic_url, profile_bio, registration_date, last_seen, date_of_birth, phone_number, city, state, country) values (7, 'Cally Tuite', 'http://dummyimage.com/197x100.png/ff4444/ffffff', 'Compatible disintermediate matrices', '2023-08-05', '2024-06-19', '1971-11-12', '(716) 5988544', 'Buffalo', 'New York', 'United States');
insert into users (user_id, name, profile_pic_url, profile_bio, registration_date, last_seen, date_of_birth, phone_number, city, state, country) values (8, 'Seka Fludder', 'http://dummyimage.com/109x100.png/cc0000/ffffff', 'Advanced client-driven projection', '2023-07-03', '2023-08-23', '1957-06-10', '(415) 7186508', 'San Francisco', 'California', 'United States');
insert into users (user_id, name, profile_pic_url, profile_bio, registration_date, last_seen, date_of_birth, phone_number, city, state, country) values (9, 'Edmon Skegg', 'http://dummyimage.com/157x100.png/ff4444/ffffff', 'Ameliorated motivating budgetary management', '2023-08-03', '2024-06-14', '1951-01-18', '(940) 5229423', 'Denton', 'Texas', 'United States');
insert into users (user_id, name, profile_pic_url, profile_bio, registration_date, last_seen, date_of_birth, phone_number, city, state, country) values (10, 'Yolane Felstead', 'http://dummyimage.com/138x100.png/ff4444/ffffff', 'Focused non-volatile instruction set', '2023-07-20', '2024-05-05', '1963-05-23', '(801) 5401803', 'Salt Lake City', 'Utah', 'United States');
insert into users (user_id, name, profile_pic_url, profile_bio, registration_date, last_seen, date_of_birth, phone_number, city, state, country) values (11, 'Veronike Dockrill', 'http://dummyimage.com/196x100.png/5fa2dd/ffffff', 'Exclusive explicit neural-net', '2023-07-06', '2023-08-04', '1969-07-06', '(920) 3703131', 'Milwaukee', 'Wisconsin', 'United States');
insert into users (user_id, name, profile_pic_url, profile_bio, registration_date, last_seen, date_of_birth, phone_number, city, state, country) values (12, 'Madel Keld', 'http://dummyimage.com/172x100.png/dddddd/000000', 'Persistent bi-directional benchmark', '2023-08-11', '2024-08-02', '2004-02-24', '(573) 6041972', 'Columbia', 'Missouri', 'United States');
insert into users (user_id, name, profile_pic_url, profile_bio, registration_date, last_seen, date_of_birth, phone_number, city, state, country) values (13, 'Eva Paddemore', 'http://dummyimage.com/188x100.png/5fa2dd/ffffff', 'Advanced global help-desk', '2023-07-01', '2024-05-05', '1959-07-17', '(805) 8976707', 'Ventura', 'California', 'United States');
insert into users (user_id, name, profile_pic_url, profile_bio, registration_date, last_seen, date_of_birth, phone_number, city, state, country) values (14, 'Tadeas Upcott', 'http://dummyimage.com/233x100.png/dddddd/000000', 'Horizontal tangible protocol', '2023-08-10', '2024-06-23', '1987-04-28', '(619) 4376077', 'San Diego', 'California', 'United States');
insert into users (user_id, name, profile_pic_url, profile_bio, registration_date, last_seen, date_of_birth, phone_number, city, state, country) values (15, 'Lillis Powelee', 'http://dummyimage.com/244x100.png/cc0000/ffffff', 'Versatile coherent concept', '2023-07-25', '2024-05-05', '1959-02-19', '(813) 1262311', 'Tampa', 'Florida', 'United States');
insert into users (user_id, name, profile_pic_url, profile_bio, registration_date, last_seen, date_of_birth, phone_number, city, state, country) values (16, 'Cassey Bing', 'http://dummyimage.com/154x100.png/5fa2dd/ffffff', 'Balanced intangible extranet', '2023-07-03', '2024-08-10', '1972-03-18', '(214) 4948968', 'Dallas', 'Texas', 'United States');
insert into users (user_id, name, profile_pic_url, profile_bio, registration_date, last_seen, date_of_birth, phone_number, city, state, country) values (17, 'Woody Cavaney', 'http://dummyimage.com/148x100.png/ff4444/ffffff', 'Team-oriented composite challenge', '2023-08-04', '2024-06-24', '1983-02-21', '(214) 3717527', 'Dallas', 'Texas', 'United States');
insert into users (user_id, name, profile_pic_url, profile_bio, registration_date, last_seen, date_of_birth, phone_number, city, state, country) values (18, 'Sisely Tewes', 'http://dummyimage.com/229x100.png/cc0000/ffffff', 'Cloned homogeneous success', '2023-07-03', '2024-05-24', '1989-03-25', '(215) 3423629', 'Philadelphia', 'Pennsylvania', 'United States');
insert into users (user_id, name, profile_pic_url, profile_bio, registration_date, last_seen, date_of_birth, phone_number, city, state, country) values (19, 'Caryn Anselmi', 'http://dummyimage.com/195x100.png/ff4444/ffffff', 'Adaptive bandwidth-monitored matrices', '2023-07-15', '2023-10-23', '1979-04-22', '(904) 8122922', 'Jacksonville', 'Florida', 'United States');
insert into users (user_id, name, profile_pic_url, profile_bio, registration_date, last_seen, date_of_birth, phone_number, city, state, country) values (20, 'Haleigh Abatelli', 'http://dummyimage.com/211x100.png/ff4444/ffffff', 'Profound clear-thinking application', '2023-07-24', '2024-06-22', '1970-04-18', '(202) 1936741', 'Washington', 'District of Columbia', 'United States');
insert into users (user_id, name, profile_pic_url, profile_bio, registration_date, last_seen, date_of_birth, phone_number, city, state, country) values (21, 'Harlie Privett', 'http://dummyimage.com/144x100.png/ff4444/ffffff', 'Expanded user-facing hub', '2023-07-08', '2024-07-19', '1988-03-11', '(510) 8838914', 'San Francisco', 'California', 'United States');
insert into users (user_id, name, profile_pic_url, profile_bio, registration_date, last_seen, date_of_birth, phone_number, city, state, country) values (22, 'Marylinda O''Crotty', 'http://dummyimage.com/239x100.png/5fa2dd/ffffff', 'Persevering high-level neural-net', '2023-08-09', '2024-01-28', '1972-05-15', '(702) 1524343', 'Las Vegas', 'Nevada', 'United States');
insert into users (user_id, name, profile_pic_url, profile_bio, registration_date, last_seen, date_of_birth, phone_number, city, state, country) values (23, 'Stearne Bandt', 'http://dummyimage.com/129x100.png/5fa2dd/ffffff', 'Diverse methodical superstructure', '2023-08-05', '2023-10-15', '1957-06-02', '(850) 6304210', 'Panama City', 'Florida', 'United States');
insert into users (user_id, name, profile_pic_url, profile_bio, registration_date, last_seen, date_of_birth, phone_number, city, state, country) values (24, 'Olenolin Domenichini', 'http://dummyimage.com/212x100.png/ff4444/ffffff', 'Customizable context-sensitive installation', '2023-07-06', '2023-10-22', '1973-09-26', '(209) 6883671', 'Stockton', 'California', 'United States');
insert into users (user_id, name, profile_pic_url, profile_bio, registration_date, last_seen, date_of_birth, phone_number, city, state, country) values (25, 'Julie Villaret', 'http://dummyimage.com/149x100.png/5fa2dd/ffffff', 'Re-engineered modular capacity', '2023-08-07', '2024-05-07', '1951-04-04', '(352) 8989820', 'Gainesville', 'Florida', 'United States');
insert into users (user_id, name, profile_pic_url, profile_bio, registration_date, last_seen, date_of_birth, phone_number, city, state, country) values (26, 'Jaye Chadbourne', 'http://dummyimage.com/164x100.png/dddddd/000000', 'Customizable composite encoding', '2023-07-25', '2023-10-22', '1983-05-18', '(650) 6207443', 'Mountain View', 'California', 'United States');
insert into users (user_id, name, profile_pic_url, profile_bio, registration_date, last_seen, date_of_birth, phone_number, city, state, country) values (27, 'Danya Anneslie', 'http://dummyimage.com/224x100.png/cc0000/ffffff', 'Business-focused directional superstructure', '2023-07-08', '2024-01-01', '2001-03-16', '(814) 1937315', 'Erie', 'Pennsylvania', 'United States');
insert into users (user_id, name, profile_pic_url, profile_bio, registration_date, last_seen, date_of_birth, phone_number, city, state, country) values (28, 'Sherlocke Wethers', 'http://dummyimage.com/220x100.png/5fa2dd/ffffff', 'Reduced multimedia support', '2023-07-27', '2023-10-09', '1976-11-10', '(801) 3624952', 'Provo', 'Utah', 'United States');
insert into users (user_id, name, profile_pic_url, profile_bio, registration_date, last_seen, date_of_birth, phone_number, city, state, country) values (29, 'Coral Tootin', 'http://dummyimage.com/213x100.png/cc0000/ffffff', 'Cross-platform demand-driven Graphic Interface', '2023-08-05', '2024-06-18', '1989-07-08', '(816) 2719504', 'Kansas City', 'Missouri', 'United States');
insert into users (user_id, name, profile_pic_url, profile_bio, registration_date, last_seen, date_of_birth, phone_number, city, state, country) values (30, 'Cornelle Darmody', 'http://dummyimage.com/206x100.png/dddddd/000000', 'Organic context-sensitive product', '2023-08-07', '2023-10-04', '1977-02-27', '(215) 2460755', 'Philadelphia', 'Pennsylvania', 'United States');
insert into users (user_id, name, profile_pic_url, profile_bio, registration_date, last_seen, date_of_birth, phone_number, city, state, country) values (31, 'Nixie Pawley', 'http://dummyimage.com/168x100.png/dddddd/000000', 'Distributed multi-tasking service-desk', '2023-07-11', '2023-08-16', '1985-07-26', '(360) 1592076', 'Vancouver', 'Washington', 'United States');
insert into users (user_id, name, profile_pic_url, profile_bio, registration_date, last_seen, date_of_birth, phone_number, city, state, country) values (32, 'Germayne Coultous', 'http://dummyimage.com/102x100.png/ff4444/ffffff', 'User-centric user-facing moderator', '2023-08-06', '2023-07-02', '1952-12-09', '(785) 1680348', 'Topeka', 'Kansas', 'United States');
insert into users (user_id, name, profile_pic_url, profile_bio, registration_date, last_seen, date_of_birth, phone_number, city, state, country) values (33, 'Estrellita Creser', 'http://dummyimage.com/133x100.png/dddddd/000000', 'De-engineered multi-tasking groupware', '2023-08-08', '2024-08-01', '1983-12-18', '(267) 7671777', 'Philadelphia', 'Pennsylvania', 'United States');
insert into users (user_id, name, profile_pic_url, profile_bio, registration_date, last_seen, date_of_birth, phone_number, city, state, country) values (34, 'Ailene Stubs', 'http://dummyimage.com/229x100.png/5fa2dd/ffffff', 'Enhanced value-added middleware', '2023-07-09', '2024-05-17', '1967-10-21', '(832) 3707355', 'Houston', 'Texas', 'United States');
insert into users (user_id, name, profile_pic_url, profile_bio, registration_date, last_seen, date_of_birth, phone_number, city, state, country) values (35, 'Margarete Merrisson', 'http://dummyimage.com/150x100.png/5fa2dd/ffffff', 'Fundamental systematic moderator', '2023-07-30', '2023-09-18', '1979-05-13', '(503) 8473905', 'Salem', 'Oregon', 'United States');
insert into users (user_id, name, profile_pic_url, profile_bio, registration_date, last_seen, date_of_birth, phone_number, city, state, country) values (36, 'Gaylord Baude', 'http://dummyimage.com/138x100.png/dddddd/000000', 'Proactive client-server synergy', '2023-07-23', '2023-07-19', '1991-04-16', '(701) 6314662', 'Bismarck', 'North Dakota', 'United States');
insert into users (user_id, name, profile_pic_url, profile_bio, registration_date, last_seen, date_of_birth, phone_number, city, state, country) values (37, 'Allianora Batham', 'http://dummyimage.com/160x100.png/cc0000/ffffff', 'Vision-oriented stable hierarchy', '2023-08-11', '2023-08-02', '1952-09-26', '(323) 4910281', 'Glendale', 'California', 'United States');
insert into users (user_id, name, profile_pic_url, profile_bio, registration_date, last_seen, date_of_birth, phone_number, city, state, country) values (38, 'Mata Wightman', 'http://dummyimage.com/160x100.png/ff4444/ffffff', 'Multi-channelled intermediate open system', '2023-07-21', '2023-09-26', '1986-12-13', '(319) 4987871', 'Cedar Rapids', 'Iowa', 'United States');
insert into users (user_id, name, profile_pic_url, profile_bio, registration_date, last_seen, date_of_birth, phone_number, city, state, country) values (39, 'Warden Scarisbrick', 'http://dummyimage.com/165x100.png/cc0000/ffffff', 'Programmable bi-directional attitude', '2023-07-11', '2023-10-08', '1972-04-17', '(718) 4408505', 'Bronx', 'New York', 'United States');
insert into users (user_id, name, profile_pic_url, profile_bio, registration_date, last_seen, date_of_birth, phone_number, city, state, country) values (40, 'Margaretha Kidde', 'http://dummyimage.com/124x100.png/cc0000/ffffff', 'Sharable actuating Graphical User Interface', '2023-07-05', '2023-11-24', '1988-06-03', '(818) 1216287', 'Glendale', 'California', 'United States');
insert into users (user_id, name, profile_pic_url, profile_bio, registration_date, last_seen, date_of_birth, phone_number, city, state, country) values (41, 'Jessamine Foulstone', 'http://dummyimage.com/135x100.png/5fa2dd/ffffff', 'Streamlined object-oriented middleware', '2023-08-10', '2024-02-26', '1954-05-09', '(520) 9382907', 'Tucson', 'Arizona', 'United States');
insert into users (user_id, name, profile_pic_url, profile_bio, registration_date, last_seen, date_of_birth, phone_number, city, state, country) values (42, 'Melodie Rapier', 'http://dummyimage.com/244x100.png/ff4444/ffffff', 'Object-based demand-driven extranet', '2023-08-12', '2023-12-25', '1960-08-31', '(310) 5582614', 'Palo Alto', 'California', 'United States');
insert into users (user_id, name, profile_pic_url, profile_bio, registration_date, last_seen, date_of_birth, phone_number, city, state, country) values (43, 'Jeffry Croom', 'http://dummyimage.com/132x100.png/5fa2dd/ffffff', 'Profound composite Graphical User Interface', '2023-08-01', '2024-02-14', '1968-07-14', '(806) 5423377', 'Amarillo', 'Texas', 'United States');
insert into users (user_id, name, profile_pic_url, profile_bio, registration_date, last_seen, date_of_birth, phone_number, city, state, country) values (44, 'Parker Truwert', 'http://dummyimage.com/102x100.png/5fa2dd/ffffff', 'Decentralized explicit matrix', '2023-08-03', '2023-07-03', '1963-04-11', '(412) 3180400', 'Pittsburgh', 'Pennsylvania', 'United States');
insert into users (user_id, name, profile_pic_url, profile_bio, registration_date, last_seen, date_of_birth, phone_number, city, state, country) values (45, 'Tobias Kieff', 'http://dummyimage.com/214x100.png/dddddd/000000', 'Self-enabling contextually-based frame', '2023-08-07', '2023-09-15', '1971-10-21', '(952) 8316291', 'Maple Plain', 'Minnesota', 'United States');
insert into users (user_id, name, profile_pic_url, profile_bio, registration_date, last_seen, date_of_birth, phone_number, city, state, country) values (46, 'Dar Woodwin', 'http://dummyimage.com/230x100.png/dddddd/000000', 'Visionary stable framework', '2023-07-15', '2024-06-28', '1970-07-29', '(941) 4589194', 'Bonita Springs', 'Florida', 'United States');
insert into users (user_id, name, profile_pic_url, profile_bio, registration_date, last_seen, date_of_birth, phone_number, city, state, country) values (47, 'Kathi Burch', 'http://dummyimage.com/168x100.png/ff4444/ffffff', 'Face to face fault-tolerant data-warehouse', '2023-07-05', '2024-02-01', '1994-02-04', '(804) 4533876', 'Richmond', 'Virginia', 'United States');
insert into users (user_id, name, profile_pic_url, profile_bio, registration_date, last_seen, date_of_birth, phone_number, city, state, country) values (48, 'Annabela Ebrall', 'http://dummyimage.com/131x100.png/cc0000/ffffff', 'Ergonomic solution-oriented implementation', '2023-08-04', '2023-10-12', '1957-10-17', '(920) 9350546', 'Green Bay', 'Wisconsin', 'United States');
insert into users (user_id, name, profile_pic_url, profile_bio, registration_date, last_seen, date_of_birth, phone_number, city, state, country) values (49, 'Olva Cathersides', 'http://dummyimage.com/106x100.png/cc0000/ffffff', 'Compatible value-added open system', '2023-07-17', '2024-08-01', '1965-11-12', '(502) 5676849', 'Louisville', 'Kentucky', 'United States');
insert into users (user_id, name, profile_pic_url, profile_bio, registration_date, last_seen, date_of_birth, phone_number, city, state, country) values (50, 'Alexis Odam', 'http://dummyimage.com/187x100.png/5fa2dd/ffffff', 'Fundamental responsive matrix', '2023-07-15', '2023-12-04', '1974-05-15', '(218) 1832643', 'Duluth', 'Minnesota', 'United States');
insert into users (user_id, name, profile_pic_url, profile_bio, registration_date, last_seen, date_of_birth, phone_number, city, state, country) values (51, 'Shelley Bellward', 'http://dummyimage.com/156x100.png/5fa2dd/ffffff', 'Object-based intangible function', '2023-07-03', '2024-08-07', '1990-07-20', '(304) 2329784', 'Huntington', 'West Virginia', 'United States');
insert into users (user_id, name, profile_pic_url, profile_bio, registration_date, last_seen, date_of_birth, phone_number, city, state, country) values (52, 'Ilysa Sells', 'http://dummyimage.com/107x100.png/5fa2dd/ffffff', 'Fundamental full-range approach', '2023-07-20', '2023-08-13', '1958-06-29', '(216) 7307307', 'Cleveland', 'Ohio', 'United States');
insert into users (user_id, name, profile_pic_url, profile_bio, registration_date, last_seen, date_of_birth, phone_number, city, state, country) values (53, 'Demott Karlolak', 'http://dummyimage.com/190x100.png/dddddd/000000', 'User-friendly 24/7 interface', '2023-07-23', '2023-09-25', '1974-01-13', '(773) 2655266', 'Chicago', 'Illinois', 'United States');
insert into users (user_id, name, profile_pic_url, profile_bio, registration_date, last_seen, date_of_birth, phone_number, city, state, country) values (54, 'Maximilianus Hum', 'http://dummyimage.com/162x100.png/5fa2dd/ffffff', 'Profound 24 hour knowledge user', '2023-07-01', '2024-06-27', '1971-05-16', '(310) 6768410', 'Inglewood', 'California', 'United States');
insert into users (user_id, name, profile_pic_url, profile_bio, registration_date, last_seen, date_of_birth, phone_number, city, state, country) values (55, 'Martina Abrashkov', 'http://dummyimage.com/117x100.png/cc0000/ffffff', 'Progressive foreground open system', '2023-07-05', '2024-02-19', '1986-10-18', '(785) 1017691', 'Topeka', 'Kansas', 'United States');
insert into users (user_id, name, profile_pic_url, profile_bio, registration_date, last_seen, date_of_birth, phone_number, city, state, country) values (56, 'Wylie Bartkiewicz', 'http://dummyimage.com/240x100.png/ff4444/ffffff', 'Customizable 24/7 conglomeration', '2023-08-05', '2024-06-03', '1955-07-12', '(304) 1309519', 'Charleston', 'West Virginia', 'United States');
insert into users (user_id, name, profile_pic_url, profile_bio, registration_date, last_seen, date_of_birth, phone_number, city, state, country) values (57, 'Rollo Scotson', 'http://dummyimage.com/178x100.png/5fa2dd/ffffff', 'Persistent radical capacity', '2023-07-23', '2024-04-03', '1960-10-13', '(813) 8423550', 'Clearwater', 'Florida', 'United States');
insert into users (user_id, name, profile_pic_url, profile_bio, registration_date, last_seen, date_of_birth, phone_number, city, state, country) values (58, 'Francyne Copcutt', 'http://dummyimage.com/183x100.png/cc0000/ffffff', 'Fundamental context-sensitive ability', '2023-08-06', '2023-09-25', '1951-11-05', '(251) 9302594', 'Mobile', 'Alabama', 'United States');
insert into users (user_id, name, profile_pic_url, profile_bio, registration_date, last_seen, date_of_birth, phone_number, city, state, country) values (59, 'Giana Blas', 'http://dummyimage.com/116x100.png/5fa2dd/ffffff', 'Versatile executive Graphic Interface', '2023-07-07', '2024-04-04', '1983-07-22', '(415) 5230799', 'San Francisco', 'California', 'United States');
insert into users (user_id, name, profile_pic_url, profile_bio, registration_date, last_seen, date_of_birth, phone_number, city, state, country) values (60, 'Franzen Billingsly', 'http://dummyimage.com/140x100.png/cc0000/ffffff', 'Persevering dedicated system engine', '2023-07-07', '2024-06-15', '1954-12-22', '(202) 4679892', 'Washington', 'District of Columbia', 'United States');
insert into users (user_id, name, profile_pic_url, profile_bio, registration_date, last_seen, date_of_birth, phone_number, city, state, country) values (61, 'Angelico O''Connor', 'http://dummyimage.com/235x100.png/dddddd/000000', 'Multi-channelled real-time installation', '2023-07-27', '2023-12-21', '1978-05-16', '(614) 4887971', 'Columbus', 'Ohio', 'United States');
insert into users (user_id, name, profile_pic_url, profile_bio, registration_date, last_seen, date_of_birth, phone_number, city, state, country) values (62, 'Meredith Allibon', 'http://dummyimage.com/236x100.png/dddddd/000000', 'Ergonomic object-oriented solution', '2023-07-03', '2024-07-06', '1959-06-29', '(813) 1589898', 'Zephyrhills', 'Florida', 'United States');
insert into users (user_id, name, profile_pic_url, profile_bio, registration_date, last_seen, date_of_birth, phone_number, city, state, country) values (63, 'Ethelbert Payn', 'http://dummyimage.com/199x100.png/5fa2dd/ffffff', 'Distributed actuating installation', '2023-07-10', '2024-01-01', '1997-07-16', '(208) 2007685', 'Boise', 'Idaho', 'United States');
insert into users (user_id, name, profile_pic_url, profile_bio, registration_date, last_seen, date_of_birth, phone_number, city, state, country) values (64, 'Hannah Woodyeare', 'http://dummyimage.com/163x100.png/5fa2dd/ffffff', 'Customizable leading edge capacity', '2023-07-30', '2024-06-03', '2000-01-22', '(248) 6442010', 'Troy', 'Michigan', 'United States');
insert into users (user_id, name, profile_pic_url, profile_bio, registration_date, last_seen, date_of_birth, phone_number, city, state, country) values (65, 'Reyna Wimsett', 'http://dummyimage.com/125x100.png/ff4444/ffffff', 'Centralized multi-tasking challenge', '2023-07-05', '2024-05-25', '1997-09-02', '(843) 8691870', 'Charleston', 'South Carolina', 'United States');
insert into users (user_id, name, profile_pic_url, profile_bio, registration_date, last_seen, date_of_birth, phone_number, city, state, country) values (66, 'Viki Platt', 'http://dummyimage.com/215x100.png/5fa2dd/ffffff', 'Open-architected dedicated strategy', '2023-07-23', '2024-02-03', '1990-11-12', '(213) 8789665', 'Los Angeles', 'California', 'United States');
insert into users (user_id, name, profile_pic_url, profile_bio, registration_date, last_seen, date_of_birth, phone_number, city, state, country) values (67, 'Claus Schaffel', 'http://dummyimage.com/127x100.png/cc0000/ffffff', 'Quality-focused uniform concept', '2023-07-01', '2024-04-01', '2002-03-31', '(412) 4973961', 'Pittsburgh', 'Pennsylvania', 'United States');
insert into users (user_id, name, profile_pic_url, profile_bio, registration_date, last_seen, date_of_birth, phone_number, city, state, country) values (68, 'Christoforo Tudbald', 'http://dummyimage.com/116x100.png/cc0000/ffffff', 'Upgradable zero administration model', '2023-08-07', '2023-12-04', '1995-03-08', '(940) 4548590', 'Denton', 'Texas', 'United States');
insert into users (user_id, name, profile_pic_url, profile_bio, registration_date, last_seen, date_of_birth, phone_number, city, state, country) values (69, 'Shayna Cromer', 'http://dummyimage.com/158x100.png/cc0000/ffffff', 'Monitored needs-based success', '2023-07-17', '2023-09-25', '1968-05-22', '(856) 3137250', 'Camden', 'New Jersey', 'United States');
insert into users (user_id, name, profile_pic_url, profile_bio, registration_date, last_seen, date_of_birth, phone_number, city, state, country) values (70, 'Cosette Aleswell', 'http://dummyimage.com/237x100.png/ff4444/ffffff', 'Reactive empowering methodology', '2023-07-26', '2024-06-27', '1960-03-28', '(727) 9057926', 'Saint Petersburg', 'Florida', 'United States');
insert into users (user_id, name, profile_pic_url, profile_bio, registration_date, last_seen, date_of_birth, phone_number, city, state, country) values (71, 'Evey Arlott', 'http://dummyimage.com/244x100.png/cc0000/ffffff', 'Focused web-enabled support', '2023-08-05', '2024-06-14', '1964-01-14', '(302) 6786039', 'Newark', 'Delaware', 'United States');
insert into users (user_id, name, profile_pic_url, profile_bio, registration_date, last_seen, date_of_birth, phone_number, city, state, country) values (72, 'Patin Drissell', 'http://dummyimage.com/238x100.png/cc0000/ffffff', 'Face to face multi-tasking solution', '2023-07-27', '2024-03-28', '1981-12-17', '(919) 5831428', 'Raleigh', 'North Carolina', 'United States');
insert into users (user_id, name, profile_pic_url, profile_bio, registration_date, last_seen, date_of_birth, phone_number, city, state, country) values (73, 'Kerrill Presho', 'http://dummyimage.com/215x100.png/dddddd/000000', 'Multi-tiered coherent projection', '2023-07-25', '2024-06-21', '1969-05-18', '(859) 3348089', 'Lexington', 'Kentucky', 'United States');
insert into users (user_id, name, profile_pic_url, profile_bio, registration_date, last_seen, date_of_birth, phone_number, city, state, country) values (74, 'Agnella Reeveley', 'http://dummyimage.com/201x100.png/ff4444/ffffff', 'Reverse-engineered dynamic orchestration', '2023-07-14', '2023-08-07', '1985-05-30', '(702) 9982056', 'Las Vegas', 'Nevada', 'United States');
insert into users (user_id, name, profile_pic_url, profile_bio, registration_date, last_seen, date_of_birth, phone_number, city, state, country) values (75, 'Simone Treece', 'http://dummyimage.com/112x100.png/5fa2dd/ffffff', 'Up-sized responsive alliance', '2023-07-06', '2024-01-30', '1952-12-24', '(682) 5857918', 'Fort Worth', 'Texas', 'United States');
insert into users (user_id, name, profile_pic_url, profile_bio, registration_date, last_seen, date_of_birth, phone_number, city, state, country) values (76, 'Rudyard Biaggioli', 'http://dummyimage.com/114x100.png/ff4444/ffffff', 'Persistent high-level portal', '2023-07-11', '2023-08-15', '1985-09-01', '(352) 5451593', 'Gainesville', 'Florida', 'United States');
insert into users (user_id, name, profile_pic_url, profile_bio, registration_date, last_seen, date_of_birth, phone_number, city, state, country) values (77, 'Bern Devanny', 'http://dummyimage.com/183x100.png/cc0000/ffffff', 'Total bi-directional projection', '2023-07-04', '2023-07-21', '1980-10-21', '(978) 5394555', 'Boston', 'Massachusetts', 'United States');
insert into users (user_id, name, profile_pic_url, profile_bio, registration_date, last_seen, date_of_birth, phone_number, city, state, country) values (78, 'Bunny Phalip', 'http://dummyimage.com/213x100.png/5fa2dd/ffffff', 'Multi-layered mission-critical matrix', '2023-07-19', '2024-01-23', '1987-11-30', '(408) 9706991', 'San Jose', 'California', 'United States');
insert into users (user_id, name, profile_pic_url, profile_bio, registration_date, last_seen, date_of_birth, phone_number, city, state, country) values (79, 'Dominique Le Noire', 'http://dummyimage.com/158x100.png/ff4444/ffffff', 'Organic systemic core', '2023-08-05', '2023-07-09', '1976-10-06', '(216) 1290477', 'Cleveland', 'Ohio', 'United States');
insert into users (user_id, name, profile_pic_url, profile_bio, registration_date, last_seen, date_of_birth, phone_number, city, state, country) values (80, 'Pearline Cartlidge', 'http://dummyimage.com/118x100.png/dddddd/000000', 'Innovative client-server knowledge base', '2023-07-15', '2024-06-02', '1967-03-27', '(404) 1094315', 'Atlanta', 'Georgia', 'United States');

insert into user_media (user_id, media_id) values (26, 49);
insert into user_media (user_id, media_id) values (46, 47);
insert into user_media (user_id, media_id) values (32, 97);
insert into user_media (user_id, media_id) values (20, 8);
insert into user_media (user_id, media_id) values (20, 36);
insert into user_media (user_id, media_id) values (31, 92);
insert into user_media (user_id, media_id) values (41, 59);
insert into user_media (user_id, media_id) values (30, 38);
insert into user_media (user_id, media_id) values (15, 67);
insert into user_media (user_id, media_id) values (2, 10);
insert into user_media (user_id, media_id) values (26, 64);
insert into user_media (user_id, media_id) values (44, 66);
insert into user_media (user_id, media_id) values (39, 78);
insert into user_media (user_id, media_id) values (49, 76);
insert into user_media (user_id, media_id) values (15, 57);
insert into user_media (user_id, media_id) values (49, 61);
insert into user_media (user_id, media_id) values (21, 26);
insert into user_media (user_id, media_id) values (17, 31);
insert into user_media (user_id, media_id) values (37, 88);
insert into user_media (user_id, media_id) values (26, 25);
insert into user_media (user_id, media_id) values (36, 27);
insert into user_media (user_id, media_id) values (19, 22);
insert into user_media (user_id, media_id) values (38, 34);
insert into user_media (user_id, media_id) values (34, 80);
insert into user_media (user_id, media_id) values (16, 2);
insert into user_media (user_id, media_id) values (13, 48);
insert into user_media (user_id, media_id) values (44, 46);
insert into user_media (user_id, media_id) values (10, 14);
insert into user_media (user_id, media_id) values (33, 88);
insert into user_media (user_id, media_id) values (7, 66);
insert into user_media (user_id, media_id) values (44, 56);
insert into user_media (user_id, media_id) values (4, 54);
insert into user_media (user_id, media_id) values (11, 99);
insert into user_media (user_id, media_id) values (44, 88);
insert into user_media (user_id, media_id) values (37, 53);
insert into user_media (user_id, media_id) values (9, 71);
insert into user_media (user_id, media_id) values (38, 86);
insert into user_media (user_id, media_id) values (14, 61);
insert into user_media (user_id, media_id) values (48, 9);
insert into user_media (user_id, media_id) values (49, 52);
insert into user_media (user_id, media_id) values (35, 49);
insert into user_media (user_id, media_id) values (19, 86);
insert into user_media (user_id, media_id) values (44, 22);
insert into user_media (user_id, media_id) values (22, 95);
insert into user_media (user_id, media_id) values (25, 93);
insert into user_media (user_id, media_id) values (24, 66);
insert into user_media (user_id, media_id) values (17, 18);
insert into user_media (user_id, media_id) values (18, 80);
insert into user_media (user_id, media_id) values (24, 35);
insert into user_media (user_id, media_id) values (23, 8);
insert into user_media (user_id, media_id) values (40, 29);
insert into user_media (user_id, media_id) values (44, 7);
insert into user_media (user_id, media_id) values (25, 9);
insert into user_media (user_id, media_id) values (13, 62);
insert into user_media (user_id, media_id) values (7, 71);
insert into user_media (user_id, media_id) values (29, 100);
insert into user_media (user_id, media_id) values (28, 7);
insert into user_media (user_id, media_id) values (12, 13);
insert into user_media (user_id, media_id) values (41, 60);
insert into user_media (user_id, media_id) values (10, 29);
insert into user_media (user_id, media_id) values (45, 17);
insert into user_media (user_id, media_id) values (8, 2);
insert into user_media (user_id, media_id) values (44, 25);
insert into user_media (user_id, media_id) values (46, 94);
insert into user_media (user_id, media_id) values (36, 81);
insert into user_media (user_id, media_id) values (2, 13);
insert into user_media (user_id, media_id) values (32, 81);
insert into user_media (user_id, media_id) values (17, 82);
insert into user_media (user_id, media_id) values (24, 74);
insert into user_media (user_id, media_id) values (42, 66);
insert into user_media (user_id, media_id) values (43, 76);
insert into user_media (user_id, media_id) values (33, 72);
insert into user_media (user_id, media_id) values (1, 20);
insert into user_media (user_id, media_id) values (49, 62);
insert into user_media (user_id, media_id) values (48, 12);
insert into user_media (user_id, media_id) values (3, 56);
insert into user_media (user_id, media_id) values (18, 67);
insert into user_media (user_id, media_id) values (24, 23);
insert into user_media (user_id, media_id) values (50, 16);
insert into user_media (user_id, media_id) values (29, 27);
insert into user_media (user_id, media_id) values (16, 82);
insert into user_media (user_id, media_id) values (4, 73);
insert into user_media (user_id, media_id) values (2, 96);
insert into user_media (user_id, media_id) values (23, 82);
insert into user_media (user_id, media_id) values (50, 31);
insert into user_media (user_id, media_id) values (32, 1);
insert into user_media (user_id, media_id) values (35, 28);
insert into user_media (user_id, media_id) values (3, 21);
insert into user_media (user_id, media_id) values (30, 64);
insert into user_media (user_id, media_id) values (30, 8);
insert into user_media (user_id, media_id) values (20, 14);
insert into user_media (user_id, media_id) values (14, 2);
insert into user_media (user_id, media_id) values (48, 36);
insert into user_media (user_id, media_id) values (23, 100);
insert into user_media (user_id, media_id) values (35, 71);
insert into user_media (user_id, media_id) values (49, 47);
insert into user_media (user_id, media_id) values (33, 16);
insert into user_media (user_id, media_id) values (27, 10);
insert into user_media (user_id, media_id) values (23, 64);
insert into user_media (user_id, media_id) values (14, 78);
insert into user_media (user_id, media_id) values (33, 85);
insert into user_media (user_id, media_id) values (37, 28);
insert into user_media (user_id, media_id) values (50, 78);
insert into user_media (user_id, media_id) values (19, 42);
insert into user_media (user_id, media_id) values (38, 30);
insert into user_media (user_id, media_id) values (32, 51);
insert into user_media (user_id, media_id) values (30, 41);
insert into user_media (user_id, media_id) values (11, 25);
insert into user_media (user_id, media_id) values (26, 32);
insert into user_media (user_id, media_id) values (25, 76);
insert into user_media (user_id, media_id) values (18, 32);
insert into user_media (user_id, media_id) values (44, 87);
insert into user_media (user_id, media_id) values (12, 18);
insert into user_media (user_id, media_id) values (23, 22);
insert into user_media (user_id, media_id) values (43, 28);
insert into user_media (user_id, media_id) values (12, 32);
insert into user_media (user_id, media_id) values (27, 1);
insert into user_media (user_id, media_id) values (7, 58);
insert into user_media (user_id, media_id) values (35, 33);

# Insert Statements
INSERT INTO users (user_id, name, email, profile_bio, phone_number, city, state, country)
VALUES (199, 'John Doe', 'j@gmail.com', 'book enjoyer', 1234567890, 'Boston', 'MA', 'USA'),
(201, 'Bob Myers', 'b@gmail.com', 'movie enjoyer', 5678901234, 'Arlington', 'MA', 'USA'),
(350, 'Ron Washington', 'r@gmail.com', 'picture enjoyer', 9012345678, 'Medford', 'MA', 'USA'),
(450, 'Rahul Shah', 'rs@gmail.com', 'journalist', 9012345679, 'Canton', 'MA', 'USA'),
(535, 'Sara Smith', 'ss@gmail.com', 'movie enjoyer', 8882345679, 'Dallas', 'TX', 'USA'),
(650, 'Barbara Brown', 'barbara@gmail.com', 'book enjoyer', 9992345679, 'Seattle', 'WA', 'USA');




INSERT INTO media (media_id)
VALUES (1010),(3333),(1060),(2222),(1888),(1666),(1117);

INSERT INTO media_videos (id, description, video_type, name, quality, genre, director)
VALUES (1010, 'second batman movie', 'Movie', 'The Dark Knight Rises', 'HD', 'Action', 'Nolan'),
               (3333, 'mafia show', 'Show', 'Sopranos', 'HD','Drama','Chase');

INSERT INTO media_literature (id, description, author, title, genre, page_count, type)
VALUES (1060, 'The second one', 'Rowling', 'The Chamber of Secrets', 'Fantasy', 231, 'book'),
      (2222, 'The sixth one', 'Rowling', 'The half-blood prince', 'Fantasy', 451, 'book'),
   (1888, 'The seventh one', 'Rowling', 'The deathly hallows', 'Fantasy', 751, 'book');

INSERT INTO media_images(id, image_type, photographer, title, resolution, file_format)
VALUES (1666, 'Nature', 'Doe', 'Lilies in Bloom', '1080x720', 'png'),
   (1117, 'Selfie', 'Moe', 'Pic on the Tower', '1080x720', 'jpg');

INSERT INTO tags (tag_id, tag_name)
VALUES (199, 'Mafia'), (222, 'Magic'), (333, 'Masterpiece');

INSERT INTO media_tags (media_id, tag_id)
VALUES (2222, 199), (3333, 222), (3333, 333);

INSERT INTO user_media (media_id, user_id)
VALUES (2222, 199), (3333, 201), (2222, 201);
